"molecule structure","name","activity","type"
"Cc1[nH]c2c(n1)[nH]c(=O)[nH]c2=O","8-methylxanthine","1","real"
"c12c([nH]c(=O)[nH]c1=O)nc([nH]2)[O-]","uric_acid","1","real"
"c1nc2c(=O)[nH]c(nc2s1)N","8","1","real"
"c1c[nH]c2c1c(=O)[nH]c(n2)N","7-deazaguanine","1","real"
"COCCCNc1[nH]c(=O)c2c(n1)nc[nH]2","25d","1","real"
"c1[nH]c2c(=O)[nH]c(nc2n1)NC3CCC3","25e","1","real"
"c1[nH]c2c(=O)[nH]c(nc2n1)NC(=O)N3CCOCC3","23d","1","real"
"C[NH+](C)CCNC(=O)Nc1[nH]c(=O)c2c(n1)nc[nH]2","23g","1","real"
"c1[nH]c2c(n1)c(nc(n2)N)NCCC[NH3+]","27c","1","real"
"c1ccc(cc1)CNc2c3c([nH]cn3)nc(n2)N","27i","1","real"
"CC(=O)Nc1nc2c(c(n1)NC)nc[nH]2","SJ1","1","real"
"C/C(=N/c1nc2c(c(n1)NN)nc[nH]2)/NN","SJ2","1","real"
"c1[nH]c2c(n1)c(nc(n2)C(F)(F)F)[O-]","G1","1","real"
"c1ccc(cc1)CONc2[nH]c(=O)c3c(n2)[nH]cn3","G3","1","real"
"CC(=O)Nc1[nH]c(=O)c2c(n1)nc[nH]2","G4","1","real"
"c1ccc(cc1)NNc2[nH]c(=O)c3c(n2)[nH]cn3","G6","1","real"
"c1[nH]c2c(n1)c(nc(n2)N)NN","G11","1","real"
"CONc1c2c([nH]cn2)nc(n1)N","G8","1","real"
"c1ccc(cc1)ONc2c3c([nH]cn3)nc(n2)N","G10","1","real"
"CN(c1c2c([nH]cn2)nc(n1)N)N","G12","1","real"
"c1ccc(cc1)CNNc2c3c([nH]cn3)nc(n2)N","G13","1","real"
"c1ccc(cc1)NNc2c3c([nH]cn3)nc(n2)N","G14","1","real"
"COc1ccc(cc1)Nc2c3c([nH]cn3)nc(n2)N","G15","1","real"
"c1[nH]c2c(=O)[nH]c(nc2n1)N","guanine","1","real"
"c1[nH]c2c(=O)[nH]cnc2n1","hypoxanthine","1","real"
"c1[nH]c2c(n1)[nH]c(=O)[nH]c2=O","xanthine","1","real"
"c1c2c([nH]cn2)nc(n1)N","2-aminopurine","1","real"
"COc1c2c([nH]cn2)nc(n1)N","O6-methylguanine","1","real"
"c1[nH]c2c(n1)c(nc(n2)N)Cl","6-chloroguanine","1","real"
"c1[nH]c2c(n1)c(nc(n2)N)N","2,6-diaminopurine","1","real"
"Cn1c(=O)c2c([nH]c1=O)nc[nH]2","1-methylxanthine","0","real"
"Cn1c2c(c(=O)[nH]c1=O)[nH]cn2","3-methylxanthine","0","real"
"c1cnc2c(n1)c(=O)[nH]c(n2)N","pterin","0","real"
"c12c([nH]c(nc1=O)N)snn2","14","0","real"
"c12c(nc(nc1[O-])N)nsn2","16","0","real"
"c1cnnc2c1c(=O)[nH]c(n2)N","28","0","real"
"c1ccc(cc1)Cn2cnc3c2nc([nH]c3=O)N","30","0","real"
"c1cc(ccc1CCNc2[nH]c(=O)c3c(n2)nc[nH]3)O","25i","0","real"
"c1[nH]c2c(n1)c(nc(n2)N)NCC[NH3+]","27b","0","real"
"c1[nH]c2c(n1)c(ncn2)N","adenine","0","real"
"c1cc(oc1)[C@H](C(=O)[O-])[NH3+]","P12546830","0","decoy"
"C1[C@H]([C@H](O1)C(=O)[O-])[NH3+]","P20509862","0","decoy"
"C1C[C@@H](O[C@H]1CO)C(=O)N","P59184927","0","decoy"
"CC(=O)[C@@H]1[C@H]([C@@H](CN1)O)O","P59198754","0","decoy"
"C[C@H]1C[C@@H](C(=O)N1O)N","P59234639","0","decoy"
"CN1CCN(CC1)C(=S)NN","P59255715","0","decoy"
"CC(C)(C(=O)N1CCC[C@@H](C1)CO)N","P62133279","0","decoy"
"C1CS(=O)(=O)CCC1(CN)O","P64045112","0","decoy"
"C[C@H](/C(=N/[C@H]1CC[NH+](C1)C)/[O-])N","P64253534","0","decoy"
"C[C@@H](/C(=N/[C@@H]1CC[NH+](C1)C)/[O-])N","P64371354","0","decoy"
"C1C[C@@H](C[NH+](C1)CC(=O)[O-])N","P67013114","0","decoy"
"C([C@@H]1[C@@H]([C@@H]([C@@H](O1)O)O)F)O","P67980197","0","decoy"
"C[C@@H]1CN([C@H](CO1)C)/C(=N/O)/N","P79173439","0","decoy"
"C[C@@H]1[C@H](C(=NO1)[O-])[NH3+]","P79576746","0","decoy"
"CC(C)[C@H](c1n[n-]nn1)[NH3+]","P85894375","0","decoy"
"C(/C(=C\N)/C#N)NC=O","P89904803","0","decoy"
"C1[C@H](OCO1)[C@@H](CN)O","P90563086","0","decoy"
"C1CS(=O)(=O)C[C@]1(CO)N","P96629646","0","decoy"
"c1cscc1C(=O)NC(=O)N","P107970686","0","decoy"
"c1cc(ccc1C#N)C(=O)NC(=O)N","P107971120","0","decoy"
"C[C@H](CN1CCC[C@H](C1=O)N)O","P108002980","0","decoy"
"C[C@H](CO)N1CC[C@@H](C1=O)N","P108003789","0","decoy"
"c1cc(ccc1C#N)[C@@H](C(=O)[O-])[NH3+]","P112141978","0","decoy"
"c1cc(c(cc1F)C#N)[C@@H](C(=O)[O-])[NH3+]","P112142055","0","decoy"
"Cc1c(c(no1)[O-])[C@H](C)[NH3+]","P117560752","0","decoy"
"C1CCN/C(=C(\C#N)/C(=O)N)/C1","P117593935","0","decoy"
"C1[C@H](N(CS1)C(=O)[O-])C[NH3+]","P123384414","0","decoy"
"C[C@H](c1ccc(nn1)[O-])[NH3+]","P128853656","0","decoy"
"C[C@@H]1C(=O)NCCN1CC(=S)N","P128887670","0","decoy"
"C1CC1[C@@H](c2nc(on2)[O-])[NH3+]","P129028506","0","decoy"
"C1C[C@H](COC1)/C(=N\O)/N","P129053431","0","decoy"
"C[C@@H](C(=O)NC)N1CC(C1)N","P129090375","0","decoy"
"c1cc2nccn2cc1[C@@H](CO)N","P129535053","0","decoy"
"C[C@H]1[C@@H](O[C@@H]([C@@H]1C(=O)NN)C)C","P130640153","0","decoy"
"C[C@@H]1CC[C@H](N(C1)[C@@H](C)C(=O)NN)C","P131531772","0","decoy"
"C#CC(=O)N[C@@H]1[C@H]([C@@H]2[C@@H]1OCCC2)N","P133459252","0","decoy"
"Cc1ccc(n1/N=C(/[C@@H](C)[NH3+])\[O-])C","P134381121","0","decoy"
"C1CC[NH+](C1)[C@H]2CC[C@](C2)(C(=O)[O-])N","P135597690","0","decoy"
"Cc1cnn(c1)[C@@H]2CC[C@@](C2)(CO)N","P135626341","0","decoy"
"C1CN(C[C@@H]1[NH3+])/C=C/C(=O)[O-]","P136048089","0","decoy"
"C1C[C@@H](O[C@H]1C[NH3+])C(=O)[O-]","P136236834","0","decoy"
"CNC(=O)[C@H]1CC[C@@H](O1)CN","P136260836","0","decoy"
"C1[C@@H](NC2(S1)C[NH2+]C2)C(=O)[O-]","P137025524","0","decoy"
"C1CCS[C@@H](C1)C(=O)NC(=O)N","P137149499","0","decoy"
"C[C@@H](c1[n-]nc(n1)[C@@H]2CCCS2)[NH3+]","P137216091","0","decoy"
"C[C@H](c1[n-]nc(n1)[C@H]2CCCS2)[NH3+]","P137216103","0","decoy"
"c1ccc2c(c1)[NH2+]C[C@H](N2)C(=O)[O-]","P151024924","0","decoy"
"CC1=NN[C@H]2[C@@H]1SC(=N2)N","P151963404","0","decoy"
"CC1=NN[C@H]2[C@H]1SC(=N2)N","P151963406","0","decoy"
"C1C[C@@H]2C[NH2+][C@H](C[C@@H]2[C@@H](C1)O)C(=O)[O-]","P155913585","0","decoy"
"C1CO[C@H]([C@@H](O1)O)O","P05169006","0","decoy"
"CC(=O)[C@@H]1C[NH2+]C[C@@H]1C(=O)[O-]","P24165484","0","decoy"
"C[C@@H]1CN(C(=O)O1)N","P24245385","0","decoy"
"C[C@H]1C[C@H]1c2nnc(o2)N","P28678007","0","decoy"
"Cn1ccc(=O)c(c1CO)O","P40553907","0","decoy"
"C[C@@H]1CNC(=O)CN1CCO","P50876285","0","decoy"
"C1CN(S(=O)(=O)C1)CCN","P55785241","0","decoy"
"CNC(=O)[C@H]1C[C@@H]1C(=O)O","P56005610","0","decoy"
"C1[C@@H](N([C@H]1CO)C=O)CO","P58782328","0","decoy"
"CN1[C@H]([C@H](N=C1N)C#N)C#N","P59163170","0","decoy"
"C[C@H]1[C@H](O1)S(=O)(=O)N","P59169128","0","decoy"
"C1[C@H](C[C@H](O[C@@H]1CC#N)O)O","P59180246","0","decoy"
"C([C@H]1[C@@H](OC(=O)N1)C=O)O","P59181904","0","decoy"
"COC(=O)C1C[C@H]([C@H](C1)O)O","P59217397","0","decoy"
"C[C@H]1C(=O)N([C@H]([NH2+]1)C)[O-]","P74062880","0","decoy"
"C1COC[C@H]1CS(=O)(=O)N","P74230139","0","decoy"
"C1CCO[C@@H](C1)c2nnc(o2)N","P76281342","0","decoy"
"CC(C)(C)[C@@H](c1nncn1C)N","P82017879","0","decoy"
"C[C@H]1CN/C(=N\[N+](=O)[O-])/N1","P89691298","0","decoy"
"Cc1nnc2n1C[C@H](CC2)N","P105253445","0","decoy"
"Cn1cc(cn1)[C@@H]2C[C@@H](CN2)O","P107869074","0","decoy"
"C1C/C(=N/C#N)/N(C1)CC(=O)N","P111607368","0","decoy"
"C[C@]1(C(=NN=N1)N)C#N","P117567851","0","decoy"
"C1CNS(=O)(=O)NC1","P127975803","0","decoy"
"CCO[C@H]1[C@H](CC(=O)O1)N","P128097061","0","decoy"
"C1CCS(=O)(=O)N(C1)N","P128239618","0","decoy"
"Cn1c(nnn1)N2CC[C@H](C2)N","P128769848","0","decoy"
"C#CC(=O)N=c1[nH]cc[nH]1","P128856622","0","decoy"
"C1C[C@H](C[NH2+]C1)c2nc(on2)[O-]","P129028558","0","decoy"
"CCOC(=O)N1CC(C1)N","P129083556","0","decoy"
"CC1(C(=O)NCCC(=O)N1)C","P129686351","0","decoy"
"C[C@H]1[C@@H](CCO1)S(=O)(=O)N","P130127959","0","decoy"
"Cc1c(non1)CN2CC(C2)N","P130840088","0","decoy"
"CC[C@@H]1C[NH2+][C@H](CO1)C(=O)[O-]","P132107455","0","decoy"
"CC[C@H]1C[NH2+][C@H](CO1)C(=O)[O-]","P132107457","0","decoy"
"CN(C)C(=O)C[C@H](C#N)N","P134033372","0","decoy"
"CNC(=O)C[C@@H]1CNCCO1","P134076737","0","decoy"
"CO[C@H]1C[C@H]([NH2+]C1)/C(=N/C#N)/[O-]","P134782311","0","decoy"
"C[C@]1(CCC[NH2+]1)/C(=N/C#N)/[O-]","P134782426","0","decoy"
"C1CC1Cn2c(nnn2)N","P135353148","0","decoy"
"C1C[NH+](C[C@@H]1O)/C=C/C(=O)[O-]","P136048252","0","decoy"
"C1CO[C@@H](CN1N)C#N","P136315768","0","decoy"
"CN(C(=O)C1(CCC1)N)OC","P137716141","0","decoy"
"C1C(=O)NCC12CC(=O)NC2","P149075455","0","decoy"
"COC(=O)[C@H]1[C@H]2C=C[C@@H]([C@@H]1N)O2","P149406669","0","decoy"
"CN1CNC(=O)[C@]12CCCNC2","P150594865","0","decoy"
"CC1=[NH+][C@@H](CCCN1)C(=O)[O-]","P151017028","0","decoy"
"CCN1C(=O)[C@@H](CO1)N","P151030255","0","decoy"
"CO[C@@H]1c2c(n[n-]n2)[NH+]=CN1","P151032077","0","decoy"
"C/C(=N/O)/C(=N/O)/N1CC1","P154450642","0","decoy"
"C1NC(=S)NC[NH+]1CC(=O)[O-]","P05653762","0","decoy"
"C[C@@H]1CO[C@](O1)(C)CC(=O)NN","P06660819","0","decoy"
"CO[C@@H]1C[C@H]([C@@H]([C@@H](O1)CO)O)O","P07004269","0","decoy"
"C[C@H]1[C@@H]([C@H]([C@H]([C@H](O1)OC)O)O)O","P20855933","0","decoy"
"C[C@H]1[C@@H]([C@H]([C@H](C(=O)O1)O)O)O","P20861284","0","decoy"
"CCc1c(=O)n(c(=S)[nH]n1)N","P24467067","0","decoy"
"CO[C@H]1[C@H]([C@@H]([C@H](O1)CO)O)O","P25774673","0","decoy"
"c1cnccc1[C@@H](c2[n-]nnn2)[NH3+]","P29263673","0","decoy"
"C1[C@H]([C@@H]([C@H](O1)[C@H](C=O)O)O)O","P45214646","0","decoy"
"c1cc(oc1CO)S(=O)(=O)N","P47864806","0","decoy"
"C[C@@H]1CN([C@H](CO1)C)C(=O)NN","P53118004","0","decoy"
"CCNC(=O)NC(=O)[C@@H](C)O","P54620636","0","decoy"
"C1CO[C@H](CO1)CNC(=O)N","P57230015","0","decoy"
"CNC(=O)N1C[C@@H]1C(=O)N","P59184766","0","decoy"
"CCN1[C@H]([C@@H](NC1=O)O)O","P59205988","0","decoy"
"C1[C@H](OC(=[NH+]1)N)C(=O)[O-]","P59209379","0","decoy"
"C[C@@H]1[C@H](NC(=O)[C@@H]([NH2+]1)CC(=O)[O-])C","P59258174","0","decoy"
"CC1=C(N2[C@@H](C1)[C@H](C2=O)[NH3+])C(=O)[O-]","P59259774","0","decoy"
"CNC(=O)[C@@H]1CCCCN1C(=O)N","P64163763","0","decoy"
"C[C@@H](/C(=N/O)/N)n1cncn1","P65800547","0","decoy"
"CO[C@H]1[C@@H]([C@@H]([C@H](CO1)O)O)O","P65886254","0","decoy"
"CO[C@H]1[C@H]([C@@H]([C@@H](O1)OC)O)N","P69028879","0","decoy"
"Cn1cc(cn1)[C@H]2C(=[NH2+])N(C=[NH+]2)C","P74960544","0","decoy"
"CCc1nc(no1)/C(=N\O)/N","P83511143","0","decoy"
"CN1[C@@H]([C@H](NC1=O)O)O","P89695701","0","decoy"
"C1CNC(=O)O[C@@H]1C(O)O","P91264999","0","decoy"
"C[C@H](C(=O)N)N1C[C@@H](CC1=O)O","P107842522","0","decoy"
"C[C@@H](C(=O)N)N1C[C@H](CC1=O)O","P107842526","0","decoy"
"c1nc([nH]n1)S[C@H]2CNC[C@H]2O","P128972429","0","decoy"
"C[C@@H](c1cc(c[n-]1)[N+](=O)[O-])[NH3+]","P129488852","0","decoy"
"CO/N=C(/[C@@H]1C[C@H](C[NH2+]1)O)\[O-]","P129929740","0","decoy"
"Cn1ccc(n1)/C(=N/O)/N","P130725360","0","decoy"
"Cn1cc(cn1)c2[n-]nc(n2)C[NH3+]","P130733288","0","decoy"
"c1cnc(cn1)[C@H](c2[n-]ncn2)[NH3+]","P131021816","0","decoy"
"C1CO[C@@H](CN1)c2nc(no2)N","P131111370","0","decoy"
"C[C@@H]1C(=O)NC(=O)CN1CCN","P133150107","0","decoy"
"C[C@@H]1C(=O)NC(=O)CN1[C@@H](C)CN","P133150117","0","decoy"
"Cc1nc([nH]n1)[C@@H]2COC[C@H]2N","P133560514","0","decoy"
"C[C@@]1(COC[C@@H]1N)C(=O)NCC#N","P133653532","0","decoy"
"C[C@]1(COC[C@H]1N)C(=O)NCC#N","P133653549","0","decoy"
"c1c(nc(s1)CN)C(=O)NC#N","P134787882","0","decoy"
"C1[C@H]([C@H](CO1)N)C(=O)NC#N","P134793000","0","decoy"
"C[C@H]1[C@@H](CCN1C(=O)C[NH3+])C(=O)[O-]","P135059270","0","decoy"
"c1ncn(n1)[C@@H]2CC[C@](C2)(CO)N","P135626331","0","decoy"
"C1COC[C@H](N1)Cc2[nH]nc([nH+]2)[O-]","P136896934","0","decoy"
"c1c(cncn1)[C@H](c2cn[nH]n2)N","P137017086","0","decoy"
"Cn1c(ncn1)CC2(CC(C2)[NH3+])[O-]","P137106075","0","decoy"
"C1COC[C@@H]1n2c(n[nH]c2=S)N","P137305934","0","decoy"
"C[C@@H]1[C@@H]([C@@H]([C@@H]([C@H](O1)OC)O)O)O","P138372150","0","decoy"
"CN(C)C(=O)N/C=N/N","P156251588","0","decoy"
"c1cc(c(cc1[C@H](C=O)O)O)O","P05160426","0","decoy"
"CC(C)NC(=O)NO","P07497395","0","decoy"
"C1[C@H]([C@H](C[NH2+]1)O)C(=O)[O-]","P22183576","0","decoy"
"C1CCN(CC1)NC(=O)N","P23947735","0","decoy"
"CN1[C@@H]([C@@H](NC1=S)O)O","P24139570","0","decoy"
"CC(C)/C=N/NC(=O)N","P24249326","0","decoy"
"c1c[nH+]cc(c1N)/C=C\C(=O)[O-]","P24313735","0","decoy"
"C1[C@@H]([C@@H]([C@H](O1)CO)O)O","P24321595","0","decoy"
"C1C[C@H](C[NH2+]C1)S(=O)(=O)[NH-]","P28836776","0","decoy"
"C1CN[C@H](C[NH2+]1)CC(=O)[O-]","P30331310","0","decoy"
"C[C@H]1[C@H](C[C@H]([C@@H](O1)O)O)O","P32831072","0","decoy"
"C[C@@H]1[C@H]([C@@H]([C@@H](O1)O)O)O","P43160714","0","decoy"
"C[C@H]([C@@H]1CNNC1=O)O","P50875224","0","decoy"
"C1C[C@@H]([C@H]([C@@H]1CC(=O)O)O)O","P51304551","0","decoy"
"C[C@@H]1CCCCN1C(=O)NN","P51916443","0","decoy"
"C[C@@H]([C@@H]1CCCO1)NC(=O)N","P53041622","0","decoy"
"CC(C)S(=O)(=O)NN","P56000328","0","decoy"
"CC[C@@]1(CCC(=O)C1(O)O)O","P59180807","0","decoy"
"c1cc(c(cc1O)C(=O)N)C#N","P59186167","0","decoy"
"CC1=C(CCCO1)C(=O)NN","P59287195","0","decoy"
"C1CNC(=O)N(C1)[C@@H]2C[C@H]2N","P65513089","0","decoy"
"C[C@@H](c1[nH]nc([nH+]1)[S-])O","P66010262","0","decoy"
"C1COC[C@H]1[C@H](C(=O)N)O","P76309954","0","decoy"
"CCN(C)/C(=N/O)/N","P79173326","0","decoy"
"C[NH+](C)[C@H](C(=O)[O-])N","P89807011","0","decoy"
"C1C[C@H]([C@@H](C1)NC(=O)N)C#N","P94838103","0","decoy"
"C1C[C@@H]([C@H](C1)NC(=O)CN)C#N","P94845944","0","decoy"
"C1CNCc2c1c(n[nH]2)O","P101623589","0","decoy"
"C1C/C=N/NC(=N)N/N=C/C1","P103445670","0","decoy"
"C1CC1C(=O)NC(=O)N","P107919700","0","decoy"
"[H]/N=C/1\N[C@H](N[C@@H](N1C#N)C)C","P108958450","0","decoy"
"C1C[NH2+]C[C@H]1[C@@H](C(=O)[O-])O","P117563307","0","decoy"
"C1C[NH2+]C[C@H]1[C@H](C(=O)[O-])O","P117563314","0","decoy"
"C[C@H]1[C@H]([C@H](C[C@H](O1)OC)N)O","P120601577","0","decoy"
"CCNC(=O)NC1CC(C1)O","P132155181","0","decoy"
"C[C@]1(COC[C@@H]1[NH3+])C(=O)[O-]","P133607542","0","decoy"
"CN(C)C(=O)N[C@@H]1C[C@H]1N","P134619762","0","decoy"
"C1CSC[C@@H](O1)/C(=N\O)/N","P136152827","0","decoy"
"CC1(CC1)[C@@](C)(c2n[n-]nn2)[NH3+]","P136681332","0","decoy"
"c1cocc1[C@@H](c2cn[n-]n2)[NH3+]","P137017400","0","decoy"
"C1CO[C@H](CN1N)CO","P137780761","0","decoy"
"COC(=O)[C@H]1CNC[C@H]1N","P142942066","0","decoy"
"[H]/N=C(\C1=NCC=N1)/N","P150528782","0","decoy"
"c1cc(c(c(c1)O)C#N)C(=O)N","P150552139","0","decoy"
"c1c(cc(nc1C#N)[O-])C[NH3+]","P150643781","0","decoy"
"c1c(c[nH+]c(c1C=O)N)C(=O)[O-]","P150660135","0","decoy"
"C1=N[C@H]([C@H](N1)N)C#N","P151020802","0","decoy"
"C1CNC[C@@H]([NH2+]1)/C=C/C(=O)[O-]","P151984327","0","decoy"
"[H]/N=N/C(=C1C=CN(C=C1)O)O","P155912316","0","decoy"
"c1cc(ccc1/C(=N\O)/O)O","P156204576","0","decoy"
"Cc1c(c(sc1C(=O)OC)N)C(=O)N","P23924664","0","decoy"
"CCNCC(=O)NC(=O)N","P28483004","0","decoy"
"CCS[C@H]1[C@@H]([C@H]([C@@H]([C@H](O1)CO)O)O)O","P32751390","0","decoy"
"CCS[C@@H]1[C@@H]([C@H]([C@H]([C@H](O1)CO)O)O)O","P51283797","0","decoy"
"c1cc2c(cc1N)CCN2S(=O)(=O)N","P51390297","0","decoy"
"c1cc(ccc1CC(=O)N)S(=O)(=O)N","P55700925","0","decoy"
"C[C@@H](C(=O)N[C@H]1CCC[C@H]1C(=O)[O-])[NH3+]","P59211443","0","decoy"
"C[C@@H]1CCN(C1)C(=O)[C@@H](CC(=O)N)N","P61848449","0","decoy"
"C[C@@H](C(=O)N)Oc1ccc(cc1C#N)N","P62070635","0","decoy"
"C[C@H](C(=O)NC)NC(=O)C(C)(C)N","P64428401","0","decoy"
"C[C@@H](/C(=N/O)/N)N1CCC[C@@H](C1)CO","P65810917","0","decoy"
"C[C@@H]1CN(C[C@@H](O1)C)C[C@@](C)(C(=O)N)N","P68141665","0","decoy"
"C[C@@H]1CN(C[C@H](O1)C)C[C@@](C)(C(=O)N)N","P68141673","0","decoy"
"Cc1cnn(c1)C[C@H](C(=O)N)N","P68469372","0","decoy"
"C[NH+]1CCC2(CC1)NNC(=NN2)[S-]","P73871105","0","decoy"
"CN(CCO)C(=O)c1cc(cc[nH+]1)N","P75856685","0","decoy"
"[H]/N=C/1\C(=C2CCC[C@H]2S1)C(=O)NC(=O)N","P85445410","0","decoy"
"c1c(cc(c(c1N)N)[N+](=O)[O-])F","P89758631","0","decoy"
"C1CC[C@@H]([C@@H](C1)NC(=O)[C@@H]2CNCCN2)O","P96396146","0","decoy"
"C[C@H](/C(=N/O)/N)N[C@@H]1CCN2[C@@H]1CCC2","P108921384","0","decoy"
"[H]/N=C/1\NNC(=NN1)c2ccc(cc2)C","P112165256","0","decoy"
"[H]/N=C\1/N/C(=N\c2ccccc2)/NC(N1)(C)C","P112297799","0","decoy"
"c1cc(ccc1CC(=O)[O-])/C(=[NH+]\O)/N","P128896099","0","decoy"
"c1cc(ccc1CN)n2cc(cn2)C(=O)N","P129560355","0","decoy"
"CC(C)(C(=O)N[C@H]1CCCC[C@H]1C(=O)[O-])[NH3+]","P129619324","0","decoy"
"[H]/N=C\1/C(=C([C@@H](S1)C(=O)NC)C)C(=O)N","P129930059","0","decoy"
"C1CCC(C1)(CNC(=O)[C@]2(CCOC2)N)O","P130564013","0","decoy"
"Cc1c(c(on1)C)CS/C(=N/N)/N","P130757779","0","decoy"
"Cn1cccc1/C=N/N=C(N)N","P131663194","0","decoy"
"CC(C)n1cc(cc1CN)S(=O)(=O)N","P131725329","0","decoy"
"CCn1c[nH+]cc1[C@@H]2C(=[NH2+])N(C(=[NH+]2)C)C","P133293025","0","decoy"
"CC(C)NC(=O)N[C@@H]1[C@H]([C@@H]2[C@@H]1OCCC2)N","P133459268","0","decoy"
"C1CNC[C@]1(C(=O)NC(=O)N)C(F)(F)F","P134788089","0","decoy"
"C1[C@@H](C=C[C@H]1NC(=O)C[NH3+])C(=O)[O-]","P134803579","0","decoy"
"C[C@H](C(=O)N[C@H]1C[C@@H](C=C1)C(=O)[O-])[NH3+]","P134803582","0","decoy"
"Cc1ccn(n1)[C@@H]2CCC[C@](C2)(C(=O)N)N","P135570851","0","decoy"
"C[C@@H]1CN(CCO1)[C@@H]2CC[C@@](C2)(C(=O)N)N","P135597996","0","decoy"
"CC[C@](C)(C(=O)N1CCC(CC1)C(=O)N)N","P135888833","0","decoy"
"CC[C@@](C)(C(=O)N1CCC[C@H]1C(=O)N)N","P135889182","0","decoy"
"C1COC2(CCOCC2)C[C@@H]1[C@H](C(=O)N)N","P136054598","0","decoy"
"[H]/N=C\1/[C@]2(CCCNC2)NC(=O)N1","P136179729","0","decoy"
"c1cc(c(cc1NCC(=O)O)N)C#N","P136321432","0","decoy"
"C1CC[C@H]([C@@H](CC1)NC(=O)C[NH3+])C(=O)[O-]","P136475281","0","decoy"
"CC1(C[C@H]1NC(=O)C2(CC2)/C(=N/O)/N)C","P137146359","0","decoy"
"CC1(CCN(CC1)/C(=N/O)/N)O","P137670490","0","decoy"
"C[C@H]1CC[C@@H](O1)C(=O)NNC(=S)N","P137848679","0","decoy"
"CC[C@H](/C(=N\O)/N)NC(=O)C","P138151547","0","decoy"
"C(CC(=O)N)c1[nH]nc([nH+]1)[S-]","P149984309","0","decoy"
"CS(=O)(=O)[N-]c1cccc(c1C[NH3+])O","P150550015","0","decoy"
"Cc1cc(c(cc1[N+](=O)[O-])N)N","P151054956","0","decoy"
"c1cc(c(cc1C(=O)c2c(cc(cc2O)O)O)O)O","P04878919","0","decoy"
"c1ccc(c(c1)/C=N/NC(=O)c2cc(c(c(c2)O)O)O)O","P08190549","0","decoy"
"c1ccc2c(c1)ccc(c2/C=N/NC(=O)NN)O","P08456800","0","decoy"
"C/C(=N\NC(=O)c1cc(cc(c1)O)O)/c2cccc(c2)N","P20455285","0","decoy"
"CC[C@H](CO)Nc1ccc(cc1N)S(=O)(=O)NC","P52840821","0","decoy"
"Cc1ccc(cc1O)C(=O)Nc2ccc(cc2)/C(=N/O)/N","P61279947","0","decoy"
"C[C@@H](/C(=N/O)/N)NC(=O)c1ccc(c(c1)Cl)O","P61284696","0","decoy"
"CC[C@@](C)(/C(=N/O)/N)NC(=O)c1ccc(c(c1)O)C","P61288597","0","decoy"
"CCc1ccc2c(c1)N[C@@]3(O2)C=C(OC(=C3C(=O)N)N)C","P61563850","0","decoy"
"CCc1ccc2c(c1)N[C@]3(O2)C=C(OC(=C3C(=O)N)N)C","P61563852","0","decoy"
"CC[C@H](C)NC(=O)COC(=O)c1ccc(cc1N)N","P62367432","0","decoy"
"CC(=C[C@H]1[C@H](C1(C)C)C(=O)NC(C(=O)N)C(=O)N)C","P64690259","0","decoy"
"CC(C)(C)C1CCC(CC1)C(=O)NC(C(=O)N)C(=O)N","P72413173","0","decoy"
"c1cc(cc(c1)NC(=O)N[C@H]2CCCC[C@H]2[NH3+])C(=O)[O-]","P72979758","0","decoy"
"CC(C)(C)c1cs/c(=N\C(=O)[C@H](CC(=O)N)N)/[nH]1","P73932666","0","decoy"
"C[C@@H](C/C(=N/O)/N)NC(=O)c1ccc2ccccc2c1O","P75361835","0","decoy"
"c1cc(ccc1C(=O)N[C@@H]2CCCC[C@@H]2O)NC(=O)N","P77863228","0","decoy"
"C1CC[C@H]([C@H](C1)NC(=O)C2(CCCC2)/C(=N\O)/N)O","P77876443","0","decoy"
"CCC(CC)(/C(=N/O)/N)C(=O)N[C@@H]1CCCC[C@@H]1O","P77876491","0","decoy"
"Cc1ccc(o1)CNc2ccc(cc2N)S(=O)(=O)N","P79489137","0","decoy"
"Cc1ccc(cc1O)C(=O)NC[C@H](C)/C(=N/O)/N","P81466708","0","decoy"
"C[C@H](CNC(=O)c1ccccc1O)/C(=N/O)/N","P81466731","0","decoy"
"CC(C)C[C@H](C(=O)N/N=C/c1ccc(cc1O)O)N","P89785810","0","decoy"
"CCCNC(=O)N[C@H]1CCC[C@H]1/C(=N/O)/N","P94835509","0","decoy"
"C[C@H]1CC[C@@H](C[NH+]1c2cc(ccc2C(=O)[O-])N)C(=O)N","P106975142","0","decoy"
"CCOC(=O)[C@H](C)Nc1cc(ccc1C(=O)N)N","P108260283","0","decoy"
"c1cc(c(cc1O)C(=O)[O-])NC(=O)[C@@H]2CCC[C@@H](C2)[NH3+]","P108863251","0","decoy"
"Cc1cccc(c1O)C(=O)N[C@@H](C(C)C)/C(=N/O)/N","P124744889","0","decoy"
"c1cc(cc(c1)Cl)NC(=O)N[C@H](C2CC2)/C(=N\O)/N","P124767874","0","decoy"
"Cc1ccc(c(c1)C(=O)NCCCC/C(=N/O)/N)O","P124776840","0","decoy"
"C1CC[C@H]([C@@H](C1)[NH3+])NC(=O)NC2(CCCC2)CC(=O)[O-]","P131682041","0","decoy"
"CCC(CC)(CNS(=O)(=O)c1ccc(c(c1)N)O)O","P136190912","0","decoy"
"CC[C@@H](C)[C@H](C(=O)NCC1(CCCC1)O)NC(=O)N","P136232402","0","decoy"
"CC[C@@H](C)[C@@H](C(=O)NCC1(CCCCC1)O)NC(=O)N","P136232639","0","decoy"
"CCC[C@H](CNC(=O)N[C@H]1CCCC[C@@H]1[NH3+])C(=O)[O-]","P136858561","0","decoy"
"C[C@@H](C(=O)N)Nc1cccc(c1[N+](=O)[O-])N","P137345529","0","decoy"
"C[C@@H]1CCC[C@@](C1)(CO)Nc2cc(ncn2)NN","P137444631","0","decoy"
"C[C@H]1CCC[C@](C1)(CO)Nc2cc(ncn2)NN","P137444637","0","decoy"
"CC[C@](C)(CNc1cc(cc(c1)[N+](=O)[O-])NN)O","P137460747","0","decoy"
"CCCc1c([nH+]cnc1NCC2CC(C2)[O-])NN","P137476725","0","decoy"
"CC(C)c1c(c(n[nH]1)C(=O)N2CCCC[C@H]2C(=O)N)N","P138002239","0","decoy"
"CCc1c(c([nH]n1)C(=O)NC[C@H]2CCC[C@H]2CO)N","P139907850","0","decoy"
"c1cc(ccc1c2cc(n[nH]2)O)NC(=O)[C@@H]3C[C@H](C=C3)N","P144370657","0","decoy"
"c1cc(c(cc1NC[C@@H]2CCCCO2)N)S(=O)(=O)N","P145911196","0","decoy"
"CCC[C@@H](/C(=N/O)/N)NC(=O)c1ccc(c(c1)O)OC","P147414841","0","decoy"
"CCC[C@H](/C(=N/O)/N)NC(=O)c1ccc(c(c1)O)OC","P147414842","0","decoy"
"CCNC(=O)[C@@H](C)Nc1cc(c(c(c1)C(=O)[O-])[NH3+])C","P148436265","0","decoy"
"CCCNC(=O)[C@H](C)NC(=O)c1ccc(cc1NN)C","P148790264","0","decoy"
"CC[C@@H](CCO)CNc1cc2c(cc1N)OCC(=O)N2","P148837306","0","decoy"
"c1c(c(cc(c1[N+](=O)[O-])O)O)/C=N/NC(=[NH2+])[S-]","P154397535","0","decoy"
"c1c2c(nc3c1c(c(s3)/C(=N/C#N)/N)N)CCC2","P06747469","0","decoy"
"CC(C)(C)[C@H]1CCc2c(c(n[nH]2)C(=O)NN)C1","P18931296","0","decoy"
"C1C2CC3CC1CC(C2)(C3)C(=O)NNC(=O)N","P23916152","0","decoy"
"Cc1c(nnc2c1c(c(s2)C(=O)N)N)C","P24209012","0","decoy"
"Cc1cc(cc(c1)N[C@H](C)C(=O)NC(=O)N)C","P30252938","0","decoy"
"C[C@@H](C(=O)NC(=O)N)Nc1cccc(c1)C#C","P30348077","0","decoy"
"C1CCCC(CC1)NC(=O)CNC(=O)N","P48885465","0","decoy"
"Cc1ccc(cc1F)NC(=O)C/C(=N/O)/N","P51914006","0","decoy"
"c1c2c(cc(c1N)N3CCC(CC3)CO)NC(=O)CC2","P52458538","0","decoy"
"c1cc(c(cc1C(=O)N2CCCC[C@H]2C(=O)N)N)Cl","P56204274","0","decoy"
"c1cc(c(cc1C(=O)c2ccc3c(c2)OCCO3)N)N","P56345447","0","decoy"
"CC1CCN(CC1)c2cc(cc(c2)S(=O)(=O)N)N","P57001826","0","decoy"
"C[C@@H]1CCCCN1c2cc(cc(c2)S(=O)(=O)N)N","P57001830","0","decoy"
"c1cc(c(cc1C#N)N)N2CCCC[C@@H]2C(=O)N","P64130989","0","decoy"
"Cc1nc(c(n1N)N)c2ccc3c(c2)CCN3C","P79188445","0","decoy"
"Cc1c(c(n(n1)C)NC2(CCCC2)CO)N","P79505920","0","decoy"
"[H]/N=C/1\N/C(=N\c2c(cccc2C)C)/NC3(N1)CCCC3","P86439188","0","decoy"
"c1cc(c(cc1F)N)C(=O)N2CCCC[C@@H]2C(=O)N","P96404879","0","decoy"
"c1cc(c(cc1F)NC(=O)[C@H]2CSC(=O)N2)N","P97051481","0","decoy"
"c1ccc2c(c1)[nH]c(=NC(=O)c3ccc(c(c3)N)Cl)[nH]2","P108133308","0","decoy"
"C[C@H]1CCCCCN1c2ccc(cc2N)S(=O)(=O)N","P108544226","0","decoy"
"CC(C)S(=O)(=O)/N=C/1\C=CC=C(C1=C(N)N)F","P124654826","0","decoy"
"C[C@@]12CC[C@@H](C1(C)C)C[C@H]2NC(=O)c3cc(n[nH]3)N","P125888581","0","decoy"
"C[C@@H]1CCC[C@](C1)(C(=O)N2C[C@@H](CC[C@@H]2C)C(=O)N)N","P126386479","0","decoy"
"C[C@@H]1CCCCC[C@H]1NCC(=O)NC(=O)N","P131341926","0","decoy"
"Cc1cc(nc(n1)c2cccc(c2)O)NN","P132292018","0","decoy"
"CC1=[NH+][C@@H](C(=[NH2+])N1C)c2c[nH+]cn2C(C)C","P133298221","0","decoy"
"CCCc1c(n[nH]c1N)c2cn[nH]c2C","P135153173","0","decoy"
"c1cc(nc(c1N)N)OC[C@@H]2CCCO2","P135913173","0","decoy"
"c1cc(nc(c1N)N)OC[C@@H]2CCOC2","P135913218","0","decoy"
"c1cc(nc(c1N)N)OC[C@H]2CCOC2","P135913219","0","decoy"
"CC[NH2+][C@H](C)c1[n-]c2ccc(nc2n1)N","P135916968","0","decoy"
"CC1(CCC[C@H]1NC(=O)C/C(=N/O)/N)C","P135988473","0","decoy"
"CC1(CCCC1)C(=O)NC(C)(C)/C(=N/O)/N","P136610727","0","decoy"
"c1cc(cc(c1)Br)c2nnc(n2N)N","P136998785","0","decoy"
"Cc1cc(c(c(c1)C)c2nnc(n2N)N)C","P136998829","0","decoy"
"CCc1ccc(s1)c2nnc(n2N)N","P136998869","0","decoy"
"CC(=O)NC1(CCCCCC1)/C(=N/O)/N","P138608170","0","decoy"
"c1ccc2c(c1)cc([nH]2)C(=O)N[C@@H]3[C@@H]([C@@H]4[C@@H]3OCC4)N","P141205218","0","decoy"
"C1CCC(CC1)NC(=O)N[C@@H]2[C@H]([C@@H]3[C@@H]2OCC3)N","P141206065","0","decoy"
"Cc1cccc(c1O)C(=O)N[C@@H]2[C@H]([C@@H]3[C@@H]2OCCC3)N","P141208034","0","decoy"
"c1cc(ccc1NC(=O)N[C@H]2[C@H]([C@@H]3[C@@H]2OCCC3)N)F","P141208790","0","decoy"
"CN1[C@H]2CC[C@@H]1CN(CC2)c3ccc(cc3N)C(=O)N","P144035664","0","decoy"
"C[C@@H]1CCN([C@@H](C1)C)c2ccc(c(c2)N)S(=O)(=O)N","P145911335","0","decoy"
"c1ccc2c(c1)cnn2[C@H]3CCC[C@](C3)(C(=O)N)N","P146884755","0","decoy"
"C[C@](C(=O)N=c1[nH]c2ccccc2[nH]1)(C(F)(F)F)N","P147683492","0","decoy"
"c1cc(cnc1)[C@@H]2CCCN2c3ccc(c(n3)N)N","P147729366","0","decoy"
"C[C@H]1CN2CCC[C@@H]2CN1c3ccc(cc3N)C(=O)N","P148057556","0","decoy"
"c1cc(c(cc1N2CCC[C@@H](C2)C(=O)N)N)C#N","P148273461","0","decoy"
"c1cc(cc(c1)O)[C@@H]2CC(=Nc3c2sc(n3)N)O","P153171054","0","decoy"
"c1cc(c(cc1Cl)/C=N/NC(=O)c2c(non2)N)O","P10470480","0","decoy"
"Cc1cccc(c1)NC(=O)NNC(=O)c2cccc(c2)O","P21509820","0","decoy"
"Cc1cc2c(cc1nnc(c(nn2)N)N)C(C)C","P23976764","0","decoy"
"C/C(=N\NC(=O)c1cc(ccc1O)O)/c2ccc(cc2)O","P25599033","0","decoy"
"C[C@H](C(=O)NC(=O)N)Nc1cccc(c1)OC(F)(F)F","P30346862","0","decoy"
"CCc1c(c(nc2c1c(c(s2)C(=O)OCC)N)N)C#N","P30498755","0","decoy"
"c1cc(c(cc1O)[N+](=O)[O-])NC(=O)c2cc(ccc2N)F","P55001742","0","decoy"
"c1cc(cc(c1)NC(=O)N)NCc2cccc3c2OCO3","P55215448","0","decoy"
"C[C@H](c1ccc(cc1O)O)Nc2ccc(cc2[N+](=O)[O-])O","P55252415","0","decoy"
"c1cc(c(cc1c2c(c(=O)c3ccc(cc3o2)O)O)O)O","P56335267","0","decoy"
"c1cnccc1C(=O)NC2(CCCCCCC2)/C(=N\O)/N","P61286455","0","decoy"
"CCC1CCC(CC1)(/C(=N/O)/N)NC(=O)OCC","P61291449","0","decoy"
"c1cc(cc(c1)Cl)n2c(nnn2)c3ccc(cc3N)N","P63590373","0","decoy"
"c1ccc(c(c1)n2c(nnn2)c3ccc(cc3N)N)Cl","P63592159","0","decoy"
"COC(=O)c1ccc(c(c1)N)N2CCCC[C@H]2C(=O)N","P64133559","0","decoy"
"CCC[C@H](/C(=N/O)/N)NC(=O)c1cc2cc(ccc2o1)C","P64836357","0","decoy"
"Cc1cc(ccc1Oc2ccc(cc2[N+](=O)[O-])C(=O)N)N","P66854217","0","decoy"
"CCCN(C/C(=N/O)/N)C(=O)NC1CCCCC1","P67958490","0","decoy"
"CC[C@H]1CCCC[C@H]1n2c(nnn2)c3ccc(cc3N)N","P73372090","0","decoy"
"Cc1cc(ccc1[N+](=O)[O-])NC(=O)c2ccccc2NN","P76548895","0","decoy"
"C[C@H]1C[C@@H]1NC(=O)c2cc(c(c(c2)Cl)NN)[N+](=O)[O-]","P78279436","0","decoy"
"c1cc(c(cc1[N+](=O)[O-])N)N[C@@H]2CCCC[C@@H]2O","P79182960","0","decoy"
"C[C@H]1CCC[C@@](C1)(CO)Nc2ccc(c3c2non3)N","P79624264","0","decoy"
"c1cc(cc(c1)[N+](=O)[O-])NC(=O)c2cccc(c2NN)F","P81562663","0","decoy"
"[H]/N=C/1\N/C(=N/c2ccc(cc2)N(C)C)/NC3(N1)CCCC3","P83548818","0","decoy"
"CCOC(=O)N/N=C/c1c(cc(cc1O)O)O","P89754289","0","decoy"
"Cc1ccc(cc1)NC(=O)c2ccc(c(c2)[N+](=O)[O-])NN","P92104865","0","decoy"
"CC(C)(C)OC(=O)N[C@@H]1CCC[C@H]1/C(=N/O)/N","P94832593","0","decoy"
"CC(C)OC(=O)N[C@H]1CCC[C@@H]1/C(=N/O)/N","P94835733","0","decoy"
"CC1CCC(CC1)Cn2c(nnn2)c3ccc(cc3N)N","P96959650","0","decoy"
"c1cc(ccc1NC(=O)Nc2cc(ccc2N)F)[N+](=O)[O-]","P97051691","0","decoy"
"C[C@H]1CC[C@@H](C[C@@H]1C)n2c(nnn2)c3ccc(cc3N)N","P105251863","0","decoy"
"C[C@@H](/C(=N/O)/N)Nc1cc(c(cc1OC)OC)Cl","P123235602","0","decoy"
"CC[C@H](/C(=N/O)/N)Nc1ccc2c(c1)OCO2","P123288042","0","decoy"
"c1ccc(c(c1)C(=O)NNC(=O)NC(C2CC2)C3CC3)O","P123466109","0","decoy"
"CC[C@](C)(CO)Nc1ccc(c2c1non2)N","P126303162","0","decoy"
"c1ccc(c(c1)CN)NC(=O)Nc2ccc(cc2)[N+](=O)[O-]","P134364249","0","decoy"
"CC[C@H]1CC[C@H]([C@@H]1C)n2c(nnn2)c3cc(cc(c3)N)N","P134822523","0","decoy"
"C[C@@H]1CCC[C@@](C1)(CNc2ccc(c3c2non3)N)O","P136240161","0","decoy"
"CCC1CCC(CC1)(CNc2ccc(c3c2non3)N)O","P136240882","0","decoy"
"C[C@@H](CNc1c(ccc2c1nsn2)Cl)/C(=N/O)/N","P137826986","0","decoy"
"C[C@@H](/C(=N/O)/N)Nc1c(ccc2c1nsn2)Cl","P137826993","0","decoy"
"C[C@H](C/C(=N/O)/N)Nc1c(ccc2c1nsn2)Cl","P137827011","0","decoy"
"c1cc(c(cc1[N+](=O)[O-])N)NC[C@@H]2CCC[C@@H]2CO","P139892142","0","decoy"
"Cc1ccc(c(c1)Oc2ccc(cc2[N+](=O)[O-])C(=O)N)N","P148371811","0","decoy"
"Cc1cc(cc(c1[NH3+])C(=O)[O-])N[C@H](C)CS(=O)(=O)C","P148436848","0","decoy"
"Cc1ccc(cc1)/C=N\NC(=O)c2cc(c(c(c2)O)O)O","P152488620","0","decoy"
"c1cc(c(cc1[C@@H]2c3cc(ccc3CCN2)N)[N+](=O)[O-])O","P153090125","0","decoy"
"Cc1cc(c([nH]1)C(=O)O)NC(=O)NC2CCC(CC2)C","P153598827","0","decoy"
"c1cc(cnc1)N/C(=[NH+]\N=C\c2ccc(cc2O)O)/[S-]","P155872033","0","decoy"
"COC(=O)/C=C/C(=O)NC(=O)N","P23951788","0","decoy"
"COc1cccc(c1OC)/C(=N/O)/N","P32749146","0","decoy"
"Cc1ccc(o1)c2n[nH]c(=S)n2N","P51921243","0","decoy"
"C[C@@H]1COCCN1CC/C(=N/O)/N","P53103706","0","decoy"
"C[C@@H]1CCCN(C1)C(=O)C/C(=N/O)/N","P54897182","0","decoy"
"CC(C)N(C)C(=O)C/C(=N/O)/N","P54897276","0","decoy"
"CN(CC(=O)N)C(=O)[C@H]1CCCCN1","P55431719","0","decoy"
"C[C@@H](Cn1cccn1)/C(=N/O)/N","P55725815","0","decoy"
"CCOC(=O)C1=C([C@](N=C1C)(C)O)N","P59211176","0","decoy"
"Cc1ccsc1[C@@H](c2[n-]nnn2)[NH3+]","P63154234","0","decoy"
"Cc1ccc(s1)[C@@H](c2[n-]nnn2)[NH3+]","P63158685","0","decoy"
"CC[C@H](/C(=N/O)/N)n1cccn1","P65837034","0","decoy"
"C1CN=C(N1)SCC(=O)NO","P67236755","0","decoy"
"C[C@H]1CCCN1C(=O)[C@@H](C)/C(=N/O)/N","P67644969","0","decoy"
"Cc1c2c(nc(n1)NN)CCN(C2)C","P73870767","0","decoy"
"c1cn(cn1)Cc2c(snn2)NN","P76598121","0","decoy"
"C[C@@H]1CN(CC(O1)(C)C)/C(=N/O)/N","P79174068","0","decoy"
"C1C[C@@H](OC1)Cc2nc(on2)NN","P80826300","0","decoy"
"CC[C@@H](Cc1[n-]nnn1)[NH3+]","P81503402","0","decoy"
"c1cc(c(cc1C(=O)NN)F)[N+](=O)[O-]","P81876974","0","decoy"
"CCc1nc(n(n1)[C@H]2CCC[C@@H]2O)N","P82160753","0","decoy"
"c1c(cn(n1)CCN2CC[C@@H](C2)O)N","P94526231","0","decoy"
"CC(C)Cn1ccnc(c1=O)NN","P94597819","0","decoy"
"C1CCN(C1)[C@@H]2CCN(C2)/C(=N\O)/N","P96708190","0","decoy"
"C[C@@H](c1[n-]nnn1)NC(=[NH2+])C","P96710991","0","decoy"
"c1cc(nnc1/N=C(\N)/NC#N)Cl","P102050597","0","decoy"
"C[C@@H](Cn1cc(nn1)C(C)(C)N)O","P107335604","0","decoy"
"CC[C@H]1C[C@@](CCO1)(c2[n-]nnn2)[NH3+]","P107706077","0","decoy"
"CNC(=O)[C@@H]1CCCN(C1)C(=O)N","P108190724","0","decoy"
"Cc1ccnn1CC/C(=N/O)/N","P109049408","0","decoy"
"Cc1cccc(c1[N+](=O)[O-])[C@@H](CO)N","P112154089","0","decoy"
"Cc1cccc(c1[N+](=O)[O-])[C@H](CO)N","P112154090","0","decoy"
"CC(=N/N=C(\N)/N[N+](=O)[O-])C","P115555933","0","decoy"
"C1C[C@H](N(C1)[C@@H]2CCOC2)/C(=N\O)/N","P124683565","0","decoy"
"C[C@@H](CSc1n[nH]c(=O)n1C)N","P127712136","0","decoy"
"C[C@H](CSc1n[nH]c(=O)n1C)N","P127712137","0","decoy"
"C1CC(C1)(C#N)C(=O)NCC(=O)N","P129301483","0","decoy"
"CCO/N=C(/[C@]1(CCOC1)[NH3+])\[O-]","P129929884","0","decoy"
"CCONC(=O)[C@H]1C[C@@H](CN1)O","P129932203","0","decoy"
"CCn1cc(cn1)[C@@H](c2[nH]ncn2)N","P131013289","0","decoy"
"CCn1cc(cn1)[C@H](c2[nH]ncn2)N","P131013290","0","decoy"
"C[C@H](C#N)S(=O)(=O)N[C@@H]1C[C@@H]1N","P131298840","0","decoy"
"CC(C)(C)c1nc(on1)[C@@H](CN)O","P133358908","0","decoy"
"C[C@H](CNC(=O)[C@@H]1COC[C@@H]1N)C#N","P133633833","0","decoy"
"CCn1cc(cn1)[C@@H](c2cn[n-]n2)[NH3+]","P137017742","0","decoy"
"CNC(=O)CN(C)C(=O)C1(CCC1)N","P137720411","0","decoy"
"C[C@@H](C(=O)NC)n1cccc(c1=O)N","P149099673","0","decoy"
"CCCc1c(c(n(n1)C)NC=O)N","P150922136","0","decoy"
"c1c(csc1[N+](=O)[O-])/C(=N/O)/N","P151838265","0","decoy"
"C(=N\NC(=O)N)\C(=O)C(F)(F)F","P155330801","0","decoy"
"CC[C@@](C)(N1CNC(=S)NC1)O","P06880560","0","decoy"
"Cc1nnc(s1)NC(=S)N","P23924261","0","decoy"
"C1CCC(=NNC(=O)N)CC1","P24155989","0","decoy"
"c1c(cc(c2c1C[C@@H](CC2=O)O)O)O","P24156136","0","decoy"
"C1[C@@H]2C[C@@H]([C@H]1C=C2)/C=N/NC(=O)N","P24436424","0","decoy"
"C[C@H]1CN(C[C@@H](O1)C)C/C(=N/O)/N","P29405150","0","decoy"
"C[C@@H](C(=O)N)N1CCC(=NO)CC1","P30477380","0","decoy"
"C[C@@H]1C[C@H]1c2n[nH]c(=S)n2N","P51910756","0","decoy"
"Cc1c(cco1)C(=O)N[C@H]2C[C@H]2N","P53838997","0","decoy"
"CC1([C@@H](CC[C@@]1(C)C(=O)O)C(=O)N)C","P56648257","0","decoy"
"[H]/N=C/1\NC[C@H](N1)C(=O)Cl","P59178710","0","decoy"
"c1cscc1[C@H](c2[n-]nnn2)[NH3+]","P61322273","0","decoy"
"CCC1CCC(CC1)N(C)C(=O)NN","P64300113","0","decoy"
"CN1C=[NH+][C@@H](C1=[NH2+])c2ccc(cc2)C#N","P74960712","0","decoy"
"C[C@@H]1C[C@H]1NC(=O)c2cc(cn2C)N","P78235203","0","decoy"
"C[C@H]1C[C@H]1NC(=O)c2cc(cn2C)N","P78235205","0","decoy"
"C[C@@H]1C[C@@H]1NC(=O)[C@@H]2C[C@@H](CN2)O","P78294931","0","decoy"
"C[C@@H]1CCN([C@H](C1)C)/C(=N/O)/N","P79173591","0","decoy"
"c1c(c(n(n1)[C@@H]2CCC[C@H]2O)N)C#N","P82160498","0","decoy"
"c1c(cn(n1)[C@H]2CCCCC[C@H]2O)N","P82161663","0","decoy"
"CCCNC(=O)N1CC[C@H]([C@@H](C1)N)C","P107411719","0","decoy"
"CCCNC(=O)N1CC[C@H]([C@H](C1)N)C","P107411723","0","decoy"
"C[C@@H]1CN(C[C@@H](S1)C)/C(=N/O)/N","P107727468","0","decoy"
"c1c([nH]c(n1)[C@@H]2C[C@H]3CC[C@@H]2O3)CN","P107869693","0","decoy"
"CC(C)N1CCCC[C@@H]1/C(=N/O)/N","P108231347","0","decoy"
"C1C[C@H](NC[C@@H]1S(=O)(=O)N)C2CC2","P108980644","0","decoy"
"C1C[C@@H](NC[C@@H]1S(=O)(=O)N)C2CC2","P108980645","0","decoy"
"C[C@@H]1CCC[C@@H]1n2c(n[nH]c2=S)N","P109389966","0","decoy"
"C[C@@H]1C[C@@H](CC(C1)(c2[n-]nnn2)[NH3+])C","P129494306","0","decoy"
"Cc1c(oc(c1C(=O)NC(=O)N)C)C","P130638967","0","decoy"
"C[C@@H]1CC[C@H](N(C1)C/C(=N/O)/N)C","P131526564","0","decoy"
"c1cc2nnc(n2cc1N)C3CC(C3)O","P132116759","0","decoy"
"CC(C)(C)NC(=O)[C@@H]1COC[C@@H]1N","P133628233","0","decoy"
"CC(C)(C(=O)NC#N)C(C)(C)N","P134793074","0","decoy"
"CC(C)c1nc([nH]n1)[C@H]2C[C@@H](C=C2)N","P134832656","0","decoy"
"C1C[C@H]([C@H](C1)O)[C@@H]2CCCN2C(=O)N","P135412743","0","decoy"
"C[C@H](C[C@H]1CCCCCN1C(=O)N)O","P135421302","0","decoy"
"CC1(CCC[C@]1(c2[n-]nnn2)[NH3+])C","P136000986","0","decoy"
"C[C@@H]1C[C@@](CS1)(c2[n-]nnn2)[NH3+]","P136083336","0","decoy"
"C[C@H]1C[C@](CS1)(c2[n-]nnn2)[NH3+]","P136083342","0","decoy"
"C[C@H]1C[C@@H](CN(C1)C(=O)NC2CC2)N","P136260057","0","decoy"
"C1CCS[C@@H](C1)c2nc([n-]n2)C[NH3+]","P137216081","0","decoy"
"c1c[nH+]cc(c1N)[C@H]2CC[C@@H]2C(=O)[O-]","P137529632","0","decoy"
"c1c2c[nH]nc2cc(c1O)O","P139501418","0","decoy"
"Cc1ccc(cc1S(=O)(=O)N)O","P150532902","0","decoy"
"C[C@@H](c1cc(ccc1N)[N+](=O)[O-])O","P151059174","0","decoy"
"CC(C)C[C@@H]1C(=O)NC/C(=N\O)/N1","P151966794","0","decoy"
"c1ccc\2c(c1)C/C(=N/O)/N/C2=N\O","P155847610","0","decoy"
"Cc1c(c2ccccc2n1C)/C(=N/O)/N","P156058102","0","decoy"
"c1cc2c(c(c1N)O)OCO2","P156241012","0","decoy"
"C1[C@H]2[C@H]([C@@H](O1)[C@@H]([C@@H](O2)O)O)O","P08757744","0","decoy"
"C1CCC2(C1)C(=O)N(C(=O)N2)CCN","P28706232","0","decoy"
"CCOC(=O)N1CC[C@H]([C@H](C1)O)N","P49825254","0","decoy"
"CC(C)(C)NC(=O)NC(=O)CO","P54627924","0","decoy"
"C1[C@H]2[C@H]([C@@H]([C@H]([C@@H](O1)O2)O)O)O","P57121907","0","decoy"
"CCN1[C@@H]([C@H](NC1=O)O)O","P59205990","0","decoy"
"C1[C@H]2CC(=O)C[C@H]2[C@@H]([C@@H]1O)C(=O)ON","P59211302","0","decoy"
"C1CCO[C@@H](C1)NS(=O)(=O)N","P59265102","0","decoy"
"C1[C@H]2[C@H](CS1(=O)=O)N(C(=O)N2)N","P60964508","0","decoy"
"C1CSC[C@]1(c2[n-]nnn2)[NH3+]","P61322281","0","decoy"
"C[C@@H](C(=O)N(C)C)NC(=O)N","P63858509","0","decoy"
"C[C@H](/C(=N/O)/N)n1cccn1","P65800546","0","decoy"
"CO[C@@H]1[C@@H]([C@H](C[C@H](O1)CO)O)O","P66527553","0","decoy"
"C[C@@H](c1cnc(s1)c2[n-]ncn2)[NH3+]","P81477133","0","decoy"
"C1C=C(N2[C@@H](S1)[C@H](C2=O)[NH3+])C(=O)[O-]","P82753794","0","decoy"
"CO[C@@H]1[C@H]([C@H]([C@@H](CO1)O)O)O","P85404725","0","decoy"
"C1/C(=N/O)/C(=O)/C(=N\O)/CC1O","P89294017","0","decoy"
"C[C@H]1[C@H](O[C@@H]([C@H]([C@@H]1O)O)OC)CO","P92070231","0","decoy"
"C[C@H](c1[n-]nc(n1)c2ccoc2)[NH3+]","P107806497","0","decoy"
"C1c2nnc(n2NC1=[NH2+])[S-]","P108753834","0","decoy"
"CN(C)C(=O)N[C@H]1C[C@H](NC1)CO","P118265496","0","decoy"
"c1nc([nH]n1)S[C@@H]2COCC[C@H]2N","P127684195","0","decoy"
"C[C@H]1C(=O)NCCN1S(=O)(=O)N","P128821115","0","decoy"
"C1C[C@@H]2CO[C@H](CN2C1)CNC(=O)N","P128821309","0","decoy"
"C1CC1C(=O)N2C[C@H](C[C@@H]2C(=O)N)O","P129316740","0","decoy"
"C[C@H](C(=O)N[C@@H]1CCC(=O)N(C1)C)N","P129366742","0","decoy"
"c1cc(c2c(c1)OCO2)[C@H](C(=O)[O-])[NH3+]","P129571399","0","decoy"
"Cc1nc2c(n1CC(=O)N)CCNC2","P129668669","0","decoy"
"C[C@@H](c1ccc(c(c1)[N+](=O)[O-])[O-])[NH3+]","P129989658","0","decoy"
"C1COC[C@@H]1c2nc([nH]n2)CN","P130984311","0","decoy"
"c1c[nH+]cc(c1N)C(=O)c2[n-]cnn2","P131006674","0","decoy"
"Cn1c(c(cn1)[C@@H](c2ccoc2)O)N","P131009203","0","decoy"
"c1c(cncc1F)[C@H](c2[n-]ncn2)[NH3+]","P131021935","0","decoy"
"C[C@@H]1CC[C@@H](N(C1)C(=O)C(=O)NN)C","P131496121","0","decoy"
"C1[C@@H]([C@H](CN1)O)N2CC(=O)NC(=O)C2","P133149989","0","decoy"
"Cc1ccncc1[C@@H](c2[n-]ncn2)[NH3+]","P133750585","0","decoy"
"c1ccn(c1)/N=C(/[C@H]2C[C@@H](C[NH2+]2)O)\[O-]","P134380825","0","decoy"
"C1CSC[C@H](O1)c2nc([n-]n2)C[NH3+]","P136180447","0","decoy"
"[H]/N=C\1/[C@]2(CCCNC2)N(C(=O)N1)CC","P136213547","0","decoy"
"Cc1[n-]nc(n1)C(=O)N[C@@H]2CC[NH2+]C2","P136813172","0","decoy"
"C[C@H](c1nc([n-]n1)c2cscn2)[NH3+]","P137013477","0","decoy"
"Cn1c(ccn1)[C@H](c2cn[n-]n2)[NH3+]","P137017661","0","decoy"
"C[C@H](c1[n-]nc(n1)c2cscn2)[NH3+]","P137044332","0","decoy"
"C[C@@H]1CO[C@H](CN1C(=O)N)CO","P137773526","0","decoy"
"C[C@@H]1CCn2c(nnc2[C@@H](CN)O)C1","P137814752","0","decoy"
"C1C[C@@H](CN(C1)C(=O)/C=C\C(=O)[O-])[NH3+]","P138260623","0","decoy"
"c1c[nH+]cc(c1S(=O)(=O)N)[O-]","P150554139","0","decoy"
"CN1CCO[C@@H](C1)/C(=N\O)/N","P150784889","0","decoy"
"CN1CCc2c(nn(c2N)CCO)C1","P151402588","0","decoy"
"c1c(c(c(c[nH+]1)[N+](=O)[O-])N)C(=O)[O-]","P156119550","0","decoy"
"c1ccc2c(c1)c(cc[n+]2[O-])NN","P07956841","0","decoy"
"C(C(=O)NC(=O)N)Br","P23973932","0","decoy"
"C1CCC2(CC1)NC(CO2)(CO)CO","P28542840","0","decoy"
"Cc1ccc(cc1)[C@H](c2[n-]nnn2)[NH3+]","P29263679","0","decoy"
"C[C@@H]1CCCN(C1)S(=O)(=O)[N-][NH3+]","P30174500","0","decoy"
"CC(C)(C)C1=NN=C(SC1)NN","P32719511","0","decoy"
"C[C@@H]1CCCCN1[C@@H](C)C(=O)NN","P33491728","0","decoy"
"COc1cc2c(c(c1)O)[C@@H](CNC2)O","P36596907","0","decoy"
"c1ccn(c1)c2cccc(c2)C(=O)NN","P41075856","0","decoy"
"[H]/N=C(/N)\S[C@H]1CS(=O)(=O)C=C1","P42118836","0","decoy"
"CC1CCN(CC1)[C@@H](C)C(=O)NN","P45287384","0","decoy"
"C[C@H](C(=O)NN)N1CCCCCC1","P45287437","0","decoy"
"C[C@@H](c1cccc(c1)S(=O)(=O)N)O","P52891248","0","decoy"
"CC(C)NC(=O)NC1CCC(CC1)O","P52909814","0","decoy"
"C1C[C@H](OC1)C(=O)N[C@H]2C[C@@H]2N","P53838955","0","decoy"
"C[C@@H]([C@H](c1ccc2c(c1)OCO2)O)N","P54858353","0","decoy"
"[H]/N=C(/[C@H]1CCC[NH+]1C2CCNCC2)\[O-]","P57214416","0","decoy"
"C#C[C@@]1(CCCC[C@@H]1O)OC(=O)N","P59226348","0","decoy"
"C[C@@H]1CN(CCO1)[C@@H](C)/C(=N/O)/N","P65799919","0","decoy"
"C[C@H](/C(=N/O)/N)N1CCCCC1","P65810591","0","decoy"
"C[C@H]1CCCN1[C@@H](C)/C(=N/O)/N","P65811007","0","decoy"
"CCN1C=[NH+][C@@H](C1=[NH2+])c2cccnc2","P74960924","0","decoy"
"C1CC[C@@H]([C@H](C1)N[C@@H]2COC[C@@H]2O)O","P77895989","0","decoy"
"Cc1c(cnn1[C@@H]2CCCC[C@@H]2O)N","P82161204","0","decoy"
"Cc1ccc(cc1)c2nc([n-]n2)[C@@H](C)[NH3+]","P94755362","0","decoy"
"c1cc(c2c(c1)[nH+]c([nH]2)CO)C(=O)[O-]","P95366148","0","decoy"
"c1cn[nH]c1c2[nH]nc([nH+]2)[S-]","P96331970","0","decoy"
"C[C@H]1CN(C[C@@H](S1)C)/C(=N/O)/N","P107727470","0","decoy"
"Cc1ccsc1C(=O)NC(=O)N","P107971141","0","decoy"
"c1cc(ccc1C(=O)NC(=O)N)F","P107971192","0","decoy"
"CCN1CCN(C[C@@H]1C)/C(=N/O)/N","P128892289","0","decoy"
"CCn1c2c(c(n1)C3CC3)c([nH]n2)N","P129105018","0","decoy"
"CC[C@@H]1[C@@H](CCCN1C(=O)N)CO","P130482223","0","decoy"
"Cc1nnc(s1)N[C@H]2C[C@@H]2N","P130756351","0","decoy"
"C1C[C@@H](CN(C1)C(=O)C2(CC2)N)CO","P131153619","0","decoy"
"C[C@H](C(=O)N)N1CCNCC1(C)C","P131156948","0","decoy"
"Cc1ccc(s1)[C@H](c2[n-]ncn2)[NH3+]","P131437886","0","decoy"
"C1CO[C@H]2[C@H]1[C@H]([C@@H]2NC(=O)C3CC3)N","P133458686","0","decoy"
"C=CC(=O)N[C@H]1[C@H]([C@@H]2[C@@H]1OCCC2)N","P133459233","0","decoy"
"CC1(C[C@@H]1NC(=O)[C@@H]2COC[C@@H]2N)C","P133633570","0","decoy"
"c1cn(cn1)[C@@H]2CC[C@@](C2)(CO)N","P135626253","0","decoy"
"C1CCC(CC1)(C(=O)NC2COC2)N","P136455367","0","decoy"
"C[C@@]1(CCCO1)C(=O)N[C@@H]2C[C@@H]2N","P136500321","0","decoy"
"CC1CCC(CC1)[C@H](c2cn[nH]n2)N","P137039007","0","decoy"
"CCn1cc(cn1)C2(CC(C2)[NH3+])[O-]","P137105717","0","decoy"
"C1CCS[C@@H](C1)c2nc([nH]n2)CN","P137221621","0","decoy"
"C1C[C@H](CN(C1)[C@@H]2CC[C@@H]2C(=O)[O-])[NH3+]","P137535935","0","decoy"
"CC1([C@@H]([NH+]2C[C@H]([C@H]2S1)N)C(=O)[O-])C","P151027899","0","decoy"
"C1=C/C(=C/NO)/C(=CC1=O)O","P155774521","0","decoy"
"c1c(cn(n1)C/C(=N\O)/N)Cl","P155905460","0","decoy"
"C[C@@H]1[C@H]([C@@H]([NH2+][C@@H]1C(=O)[O-])C)C(=O)[O-]","P05458189","0","decoy"
"C1CCC(C1)(C(=O)[O-])NC(=O)N","P06375344","0","decoy"
"c1cc(cc(c1)C(=O)[O-])/C(=N\O)/N","P24283763","0","decoy"
"c1cc(c(cc1/C(=N/O)/N)[N+](=O)[O-])[O-]","P24312760","0","decoy"
"Cc1c(n(c(=S)nn1)N)[O-]","P29044739","0","decoy"
"C(CO)N1C(=NNN1)[S-]","P32727366","0","decoy"
"C(C(=O)NO)[P@@](=O)(O)[O-]","P35865934","0","decoy"
"C1C[C@]2(C[C@@H]2C(=O)[O-])[C@@](C1)(C(=O)[O-])[NH3+]","P50485786","0","decoy"
"C1[C@H]2[C@@H](CS1(=O)=O)N(C(=N2)[S-])N","P54296544","0","decoy"
"C1C[C@H](CN(C1)S(=O)(=O)[NH-])C(=O)N","P54888777","0","decoy"
"C1[C@H]([C@H]2[C@@H]([C@H]2[C@@]1(C(=O)[O-])[NH3+])C(=O)[O-])F","P57928288","0","decoy"
"C1CN(CCC1O)S(=O)(=O)[NH-]","P59170233","0","decoy"
"C[C@@H]1N[C@@H](CC(=O)N1)C(=O)[O-]","P59178873","0","decoy"
"C1C[C@H](N(C1)C(=O)[O-])C(=O)N","P59185680","0","decoy"
"C1[C@H](CC(C[C@H]1C(=O)[O-])[NH3+])C(=O)[O-]","P59209655","0","decoy"
"C[C@H]1C[C@@H]2[C@@H](C(=O)N2C(=C1)C(=O)[O-])N","P59215316","0","decoy"
"C1CO/C(=N/S(=O)(=O)[NH-])/N1","P59266482","0","decoy"
"C[C@@H](C(=O)N1CCC(CC1)C(=O)[O-])N","P61442972","0","decoy"
"C[C@H](C(=O)[O-])S(=O)(=O)N","P64307600","0","decoy"
"CC[C@H](c1nnc2n1cnc3c2[n-]cn3)N","P67900479","0","decoy"
"C1CN(C[C@@H]1N)C(=O)C2(CC2)C(=O)[O-]","P75251180","0","decoy"
"C1C[C@H](CN(C1)C(=O)N)CC(=O)[O-]","P81692864","0","decoy"
"C1CO[C@@H](CO1)c2nnc(n2N)[S-]","P83303519","0","decoy"
"CC(C)(c1[n-]nnn1)N","P88008661","0","decoy"
"c1cc(cc(c1)C(=O)N)c2[n-]nnn2","P88079537","0","decoy"
"CC[C@H]1C[C@](CCO1)(c2[n-]nnn2)N","P107741416","0","decoy"
"c1c(c(cc(c1[C@@H](C(=O)[O-])[NH3+])[O-])F)C#N","P112153881","0","decoy"
"C([C@@H]1[C@H]([C@H]([C@H]([C@@H](O1)[S-])O)O)O)O","P123056416","0","decoy"
"C1CC[C@@H](N(CC1)C(=O)N)C(=O)[O-]","P126461710","0","decoy"
"C1C[NH+](CCN1)OP(=O)([O-])[O-]","P127980769","0","decoy"
"C1C/C(=N/N=C(/N)\[NH-])/CS(=O)(=O)C1","P129231909","0","decoy"
"C[C@H](c1ccc(c(c1)[N+](=O)[O-])[O-])N","P129991892","0","decoy"
"C1CCN([C@H](C1)C(=O)[O-])C(=O)C2(CC2)N","P131154337","0","decoy"
"C1[C@H](CN[C@@H]1C(=O)NC2CC(C2)[O-])O","P132151171","0","decoy"
"C1[C@H](CN[C@H]1C(=O)NC2CC(C2)[O-])O","P132151174","0","decoy"
"CC1(O[C@@H]2[C@@H](C[C@@H]([C@H]2O1)N)C(=O)[O-])C","P134679695","0","decoy"
"C1[C@H](C=C[C@H]1NC(=O)N)C(=O)[O-]","P134803726","0","decoy"
"CC1(C(=NC(=NC1=O)C(C)(C)N)[O-])C","P135358947","0","decoy"
"Cc1cnn(c1)[C@@H]2CC[C@@](C2)(C(=O)[O-])N","P135624918","0","decoy"
"Cc1cnn(c1)[C@H]2CC[C@](C2)(C(=O)[O-])N","P135624921","0","decoy"
"c1c(sc(n1)c2cn[n-]n2)CN","P137040074","0","decoy"
"C1C[C@H]([C@@H]2CC(=C([NH+]2C1)[O-])C(=O)[O-])N","P141678579","0","decoy"
"[H]/N=C(/C1=NN=C[C@@H]1N)\[O-]","P150595395","0","decoy"
"c1c[nH+]c(c(c1C(=O)[O-])C(=O)[O-])N","P150645865","0","decoy"
"CC1=[N+](ON[C@]1(C=O)[N-]O)[O-]","P151018872","0","decoy"
"C/1(=N\[O-])\C(=[NH+]N=C1[NH-])N","P151020611","0","decoy"
"c1c(/c(=N\O)/nc[n-]1)N","P151023116","0","decoy"
"c1cc(c(cc1/C=N\c2[n-]nnn2)O)O","P151023719","0","decoy"
"Cc1cc(n(n1)/C(=N/[N+](=O)[O-])/[NH-])O","P151998894","0","decoy"
"CC(=O)N1CCC(CC1)(CC(=O)[O-])N","P152015031","0","decoy"
"CC(=O)c1c(c(c(c(c1O)C(=O)C)O)C(=O)C)O","P05203552","0","decoy"
"c1cc(c(cc1O)O)/C=N/NC(=O)CC#N","P23926300","0","decoy"
"C[C@H](C(=O)NC(=O)N)Oc1cccc(c1)C#N","P30241980","0","decoy"
"Cc1c(c(n(n1)C)N2CCC(CC2)C(=O)N)CO","P30509917","0","decoy"
"c1cc(c([nH+]c1)N2CCC(CC2)C(=O)[O-])C(=O)N","P33053408","0","decoy"
"CC(C)(C)OC(=O)N1CCC[C@H]1C(=O)NN","P39056910","0","decoy"
"Cc1c(c(n(n1)C)C)S(=O)(=O)N[C@@H]2C[C@@H]2N","P53888615","0","decoy"
"C[C@@H](c1nncn1C)NC(=O)C2(CCCCC2)N","P55047137","0","decoy"
"c1cc([nH+]cc1[N-]S(=O)(=O)N2CCCCC2)N","P55797993","0","decoy"
"CC[C@H](/C(=N/O)/N)C(=O)N1C[C@H](OC[C@@H]1C)C","P67642548","0","decoy"
"C1C[C@@H](N(C1)C(=O)N2CC[C@@H](C2)C[NH3+])CC(=O)[O-]","P75155151","0","decoy"
"Cc1nnc(o1)Sc2ccccc2/C(=N/O)/N","P76410546","0","decoy"
"C1CC[NH+](/C(=C\[O-])/C1)CC(=O)NC(=O)NC2CC2","P81614701","0","decoy"
"c1ccnc(c1)Sc2c(nccn2)/C(=N\O)/N","P81847286","0","decoy"
"c1cc(c(nc1)/C(=N\O)/N)Cn2cc(cn2)Cl","P94420610","0","decoy"
"c1conc1[N-]S(=O)(=O)c2cc(cs2)[NH3+]","P94477324","0","decoy"
"c1cc(ncc1C#CCCO)C(=O)Nc2c[nH]nc2","P94776094","0","decoy"
"C[C@H]1CN(CCCO1)Cc2c(snn2)NN","P94945918","0","decoy"
"C[C@@H](/C(=N/O)/N)C(=O)N1CC[C@H](C1)N2CCCC2","P96707096","0","decoy"
"Cc1cnn(c1)Cc2ccnc(c2)/C(=N/O)/N","P105550806","0","decoy"
"c1cc2c(cc1C(=O)NCC(=O)N)OCCCO2","P108275138","0","decoy"
"C1C[C@H](C[C@H](C1)NC(=O)[C@@H]2C[NH2+]CCO2)C(=O)[O-]","P108834497","0","decoy"
"CC(C)S(=O)(=O)N1CCC(CC1)/C(=N/O)/N","P109011145","0","decoy"
"Cn1c(nnc1SC[C@@H]2CNCCO2)N","P109356259","0","decoy"
"c1cc(c(c(c1)Cl)C#N)OCC(=O)NC(=O)N","P123458950","0","decoy"
"Cc1ccnn1Cc2ccnc(c2)/C(=N/O)/N","P124957698","0","decoy"
"Cn1cc(cc1C(=O)NC2CC2)S(=O)(=O)N","P128701560","0","decoy"
"CC[C@H]1CN(CCN1C)C(=O)C/C(=N/O)/N","P128915975","0","decoy"
"c1cc(cnc1)C(=O)N/N=C\c2ccc(c(c2)O)O","P130300896","0","decoy"
"CCC1(CN(C1)[C@H](C)C(=O)NC(=O)NC)O","P132004901","0","decoy"
"C1CC[C@@H]([C@H](C1)C(=O)[O-])NC(=O)[C@@H]2C[NH2+]CCO2","P133506887","0","decoy"
"C1CN(CCN1CCO)c2nc(ns2)N","P133724113","0","decoy"
"C[C@@H]1CN[C@H](CN1CC(=O)NC(=O)NC(C)C)C","P135385168","0","decoy"
"C[C@H](/C(=N/O)/N)N(C)C(=O)[C@@]1(CCCO1)C","P136487265","0","decoy"
"C1CCN([C@@H](C1)/C(=N\O)/N)C(=O)C[C@@H]2CCCO2","P136505496","0","decoy"
"C[C@H]1CN(CCO1)Cc2nnc(s2)NN","P137170613","0","decoy"
"CCO[C@H]1CCCN(C1)c2c/c(=N/N)/[nH]c(n2)C","P137446971","0","decoy"
"CCn1cccc1C(=O)N2CCNC[C@@H]2C(=O)N","P138672314","0","decoy"
"Cc1c(c(n(n1)C)C(=O)N[C@H](C)[C@@H]2CCCO2)N","P140896830","0","decoy"
"C[C@]1(CCC[NH2+]1)C(=O)N[C@@H]2COC[C@@H]2C(=O)[O-]","P141267246","0","decoy"
"C1CCN([C@H](C1)C(=O)N)C(=O)C[C@H]2CNCCO2","P142817696","0","decoy"
"CN1CCO[C@@H](C1)CNc2c(cc(cn2)N)C#N","P143501143","0","decoy"
"CCN(CC)C(=O)N1CCNC[C@H]1C(=O)N","P143961685","0","decoy"
"Cc1c(c(on1)C)[C@@H](C)Nc2c(c(nn2C)C)N","P144524021","0","decoy"
"c1cc(c(cc1CN2CCC[C@H](C2)O)N)[N+](=O)[O-]","P148554561","0","decoy"
"CCCc1nc([n-]n1)C(=O)N2CC[C@H]([C@H](C2)C)[NH3+]","P149012597","0","decoy"
"c1cc(c(nc1)Sc2ncccn2)/C(=N\O)/N","P152426924","0","decoy"
"C[NH+]1CC[C@H](C1)NC(=O)N[C@@H]2CC[C@@H](C2)C(=O)[O-]","P153700008","0","decoy"
"C[C@@H](C(=O)NC(=O)N)N1CCN(CC1)C(C)C","P153912446","0","decoy"
"CCNC(=O)NNC(=O)[C@H]1[C@H](CCO1)C","P155923476","0","decoy"
"C1CCC2(CC1)C[C@]2(C[NH3+])C(=O)[O-]","P21003227","0","decoy"
"C1[C@@H]([C@@H]1C(=O)[O-])C[NH3+]","P24165397","0","decoy"
"C1C[C@@H]2C[C@H]1C[C@@H]2C(=O)NN","P24234531","0","decoy"
"C#CC(=O)N[C@H]1C[C@@H]1N","P53839375","0","decoy"
"C1C[C@H]2C[C@@H]1C[C@@H]2C(=O)N[C@@H]3C[C@@H]3N","P53844082","0","decoy"
"CC1CCC(CC1)(C(=O)N)NC","P56883637","0","decoy"
"C1[C@H]([C@@H]([C@@H](CN1)O)F)CO","P58885589","0","decoy"
"C1CS[C@H]([C@@H]1[NH3+])C(=O)[O-]","P59186425","0","decoy"
"C1C=C[C@H]([C@H]1C(=O)[O-])[NH3+]","P59209357","0","decoy"
"C1CO[C@@H]2C[C@H]1N[NH2+]C2","P59235393","0","decoy"
"CC[C@@]1(C[C@@H](C2=C1C=CN[C@@H]2F)O)O","P59252933","0","decoy"
"C1CN(C(=S)N1)C(=S)N","P59270775","0","decoy"
"CC1([C@@H]2CC[C@@](C2)([C@@H]1O)C(=O)N)C","P59512711","0","decoy"
"C1[C@@H](NCC1(F)F)C(=O)N","P59578780","0","decoy"
"CCC[C@H]1C[C@H]([C@@H]([C@@H]1O)O)O","P69005426","0","decoy"
"C[C@@H]1C(=[NH2+])N(C=[NH+]1)CC=C","P76324264","0","decoy"
"CC(C)(/C=N/O)N","P91972523","0","decoy"
"C1C[C@](CSC1)(C(=O)N)O","P94300767","0","decoy"
"C[C@](C(=O)[O-])([NH3+])F","P98547125","0","decoy"
"C1CNC[C@@H]([C@H]1CO)O","P103549664","0","decoy"
"CC(C)[C@@H]1C[C@@](CCO1)(CO)N","P107741174","0","decoy"
"CC(C)(C(=O)[O-])C(C)(C)[NH3+]","P107957772","0","decoy"
"CC[C@@H]1CC[C@](C1)(C(=O)[O-])[NH3+]","P109210450","0","decoy"
"C[C@@](CN)(c1ccco1)O","P110395171","0","decoy"
"C[C@@]1(CCCO1)NC(=S)N","P110860969","0","decoy"
"c1cc(c(cc1Cl)C#N)[C@@H](CO)N","P112152477","0","decoy"
"Cc1cc(ccc1C#N)[C@H](CO)N","P112154027","0","decoy"
"C1C[NH2+][C@H](C[C@H]1O)[O-]","P112221077","0","decoy"
"C[C@@H](C(=C)C(=O)[O-])[NH3+]","P127850181","0","decoy"
"CC1(CC2=C(C(=O)C1)S[C@H](N2)N)C","P128267784","0","decoy"
"C1CC1(C(=O)[O-])C2(CC2)[NH3+]","P128777240","0","decoy"
"C[C@H]1CC[C@@](C[C@@H]1C)(C(=O)[O-])[NH3+]","P129477719","0","decoy"
"C1C[C@@H](C[C@@H]1C[NH3+])C(=O)[O-]","P129478945","0","decoy"
"C[C@@](CN)([C@@H]1CCOC1)O","P129490904","0","decoy"
"c1cc([nH+]cc1[O-])C2(CC2)N","P130156911","0","decoy"
"C1C(CO1)(CCO)N","P130485401","0","decoy"
"C[C@@H]1CCC[C@](CC1)(C(=O)N)O","P130501751","0","decoy"
"CC1CCC(CC1)[C@@H](C(=O)N)O","P131962538","0","decoy"
"C[C@@](CN)(c1cc(cnc1)F)O","P133146296","0","decoy"
"C[C@](CN)(c1cc(cnc1)F)O","P133146298","0","decoy"
"C1C[C@](CNC1)(C#N)N","P134935139","0","decoy"
"c1cc2c(c(c1)O)OC[C@H]2N","P150389166","0","decoy"
"c1cc2c(c(c1)O)OCC[C@H]2N","P150389752","0","decoy"
"c1cc(c(cc1F)[C@@H](CC#N)N)O","P150444184","0","decoy"
"C[C@@H]([C@@H](c1ccccc1C#N)N)O","P150457521","0","decoy"
"C[C@H]([C@@H](c1ccc(cc1)C#N)N)O","P150459300","0","decoy"
"c1cc(c(cc1C#N)[C@@H](C2CC2)[NH3+])[O-]","P150554332","0","decoy"
"c1cc(c(c(c1)[O-])C[NH3+])C#N","P150563594","0","decoy"
"C[C@@]1(NCCS1)C(=O)N","P151027505","0","decoy"
"Cc1ccc(s1)/C(=N/O)/N","P151063466","0","decoy"
"c1cc(ccc1[N+](=O)[O-])O[C@@H]2[C@H]([C@@H]([C@@H](CO2)O)O)O","P06144602","0","decoy"
"C([C@H]1[C@@H]([C@@H]([C@@H]([C@@H](O1)O)O)N=[N+]=[N-])O)N=[N+]=[N-]","P06168283","0","decoy"
"c1cc2c(ccn2[C@H]3[C@H]([C@@H]([C@@H](CO3)O)O)O)cc1[N+](=O)[O-]","P06323680","0","decoy"
"CC1(OC[C@@H]([C@H](O1)[C@@H](c2[nH]c(c(n2)C#N)OC)O)O)C","P06387406","0","decoy"
"c1cc2c(c(c1)[N+](=O)[O-])nnn2[C@@H]3[C@H]([C@@H]([C@@H](CO3)O)O)O","P06776811","0","decoy"
"C[C@H]1[C@H](ON=C1C(=O)NN)c2cc3c(c(c2)OC)OCO3","P18249988","0","decoy"
"CCn1c(c(cn1)c2ccnc3n2nc(c3)C(=O)NN)C","P24065764","0","decoy"
"c1cc(cc2c1ccn2[C@@H]3[C@@H]([C@@H]([C@@H](CO3)O)O)O)[N+](=O)[O-]","P56814785","0","decoy"
"CNC(=O)NNC(=O)[C@@H]1CCCN(C1)S(=O)(=O)C","P73133052","0","decoy"
"CC(C)(C#N)C(=O)NNC(=O)N[C@H]1CCS(=O)(=O)C1","P73136124","0","decoy"
"Cc1nccn1c2ccc(cc2[N+](=O)[O-])/C(=N/O)/N","P75428652","0","decoy"
"C[C@@H]1CCCN1c2c(cc(cn2)[N+](=O)[O-])/C(=N/O)/N","P75429318","0","decoy"
"c1cc(c(cc1S(=O)(=O)N2CC[C@@H](C2)O)[N+](=O)[O-])N","P94519792","0","decoy"
"Cn1c(nnn1)Sc2ccnc(c2)/C(=N/O)/N","P94694139","0","decoy"
"CC(C)c1cc(ncn1)n2cnc(n2)/C(=N/O)/N","P94747251","0","decoy"
"CN(c1cccc(c1)/C(=N/O)/N)c2cncc3n2nnn3","P94966434","0","decoy"
"CN(C(=O)N[C@@H]1[C@@H](CO[C@@H]([C@@H]1O)OC)O)N=O","P94968898","0","decoy"
"Cn1c(nnn1)N(C)c2ccc(cc2)/C(=N/O)/N","P96567543","0","decoy"
"CNC(=O)[C@H]1CCCN1Cc2nc(c3cnn(c3n2)C)N","P96848598","0","decoy"
"Cn1c2c(cn1)c(nc(n2)CSc3n[nH]c(=O)n3C)N","P96860704","0","decoy"
"c1cc(c(cc1/C=N/NC2=NC=NC3=NC=N[C@H]32)O)O","P97914980","0","decoy"
"Cc1c(cnn1C)C/N=C\2/C3=NC=N[C@@H]3N=C(N2)N","P98052794","0","decoy"
"c1cc(cc(c1)[N+](=O)[O-])N2C[C@H](CC2=O)C(=O)NN","P101624250","0","decoy"
"c1cc(ccc1C(=O)N2CCC[C@H](C2)C(=O)NN)[N+](=O)[O-]","P101755291","0","decoy"
"Cn1c[nH+]c(c1S(=O)(=O)[N-]c2ccon2)N","P107199644","0","decoy"
"C[C@@H]1CSCCN1c2c(cc(cn2)[N+](=O)[O-])/C(=N/O)/N","P108240568","0","decoy"
"Cc1[nH]c(c[nH+]1)S(=O)(=O)/N=c\2/c(ccc[nH]2)C(=O)[O-]","P108576161","0","decoy"
"c1c(cn(n1)C2CC[NH2+]CC2)NC(=O)c3cn[n-]n3","P108623945","0","decoy"
"c1ccc(c(c1)NC(=O)[C@@H]2CC(=O)NN2)[N+](=O)[O-]","P117216217","0","decoy"
"Cn1cc(cn1)S(=O)(=O)N2CCC[C@@H]2/C(=N/O)/N","P124689111","0","decoy"
"Cn1cc(cn1)S(=O)(=O)N2CCC[C@H](C2)/C(=N/O)/N","P124730736","0","decoy"
"CN1C[C@@H](CCC1=O)NC(=O)c2ccc(c(c2)N)[N+](=O)[O-]","P131575810","0","decoy"
"Cc1c2c(ncn1)n(cn2)[C@H]3[C@@H]([C@H]([C@H](O3)CO)O)O","P133782623","0","decoy"
"CC(C)(C)c1nc(sn1)n2cnc(n2)/C(=N/O)/N","P137095044","0","decoy"
"Cc1nc(n(n1)c2c(ccc(n2)NN)[N+](=O)[O-])C","P137438132","0","decoy"
"Cc1ccn\2c(c1)n[nH]/c2=N\C(=O)c3ccc(cn3)C(=O)N","P138020513","0","decoy"
"C[C@@H](C(=O)NC(=O)N)N1CCc2ccc(cc2C1)[N+](=O)[O-]","P138587893","0","decoy"
"CCc1cc(nc(n1)C)n2cnc(n2)/C(=N/O)/N","P138847009","0","decoy"
"c1c(c[nH+]cc1NC(=O)N[C@H]2CS(=O)(=O)C=C2)C(=O)[O-]","P139003485","0","decoy"
"c1cc(c(cc1[N+](=O)[O-])NC(=O)[C@@H]2CC(=O)NC2)O","P139964235","0","decoy"
"Cn1c(ccc1[N+](=O)[O-])C(=O)N[C@@H]2[C@@H]([C@@H]3[C@@H]2OCC3)N","P141204720","0","decoy"
"c1c2nnnn2c(cn1)N[C@@H]3[C@H]([C@@H]4[C@@H]3OCC4)N","P141206854","0","decoy"
"c1c(cnc(c1C#N)N[C@@H]2[C@H]([C@@H]3[C@@H]2OCC3)N)[N+](=O)[O-]","P141206962","0","decoy"
"C1CN(Cc2n1c(nn2)C(F)(F)F)c3nc([nH]n3)N","P141812014","0","decoy"
"C1C[C@@H]2CO[C@@H](CN2C1)CNC(=O)c3c(non3)N","P143503409","0","decoy"
"CC(C)N1CCO[C@H](C1)c2nc(on2)c3cc(n[nH]3)N","P147198068","0","decoy"
"Cc1[nH+]c(cn1C)S(=O)(=O)[N-]c2c(cnn2C)N","P148972112","0","decoy"
"Cc1c(c(n(n1)C)NS(=O)(=O)c2c(nn(c2C)C)C)N","P148973470","0","decoy"
"C[C@H]1C(=O)NC(=O)CN1C(=O)c2cc(ccc2[N+](=O)[O-])N","P154081157","0","decoy"
"Cc1c(c([nH+]n1C)N)S(=O)(=O)[N-]c2ccon2","P155264639","0","decoy"
"C1CCN[C@@H](C1)C(=O)N2CCC[C@@H]2C(=O)N","P30285403","0","decoy"
"C1CCN[C@H](C1)C(=O)N2CCC[C@@H]2C(=O)N","P30285411","0","decoy"
"c1ccc2c(c1)CCN(C2)S(=O)(=O)[N-][NH3+]","P52570066","0","decoy"
"c1cc(c2c(c1)OCCO2)C(=O)N[C@H]3C[C@@H]3N","P54007676","0","decoy"
"Cc1c(c([nH]n1)N)C(=O)N2[C@@H](CCC[C@@H]2C)C","P54909432","0","decoy"
"c1c(cnc(c1C#N)N2CCC[C@H]2CO)N","P64178222","0","decoy"
"COc1ccc(cc1N2CCCNC2=O)N","P65503596","0","decoy"
"COc1ccc(cc1N)N2CCCNC2=O","P65503940","0","decoy"
"C[C@H](/C(=N/O)/N)n1cnc2c1cccc2","P65800563","0","decoy"
"c1cc(c(cc1[C@H](c2[n-]nnn2)[NH3+])F)Cl","P74448134","0","decoy"
"C[C@](c1ccc2c(c1)OCCO2)(C(=O)N)O","P76310395","0","decoy"
"CN(C)c1ccc2c(c1)c(c(cn2)C#N)NN","P76603323","0","decoy"
"[H]/N=C(/c1c(nccn1)N2C[C@@H](C[C@@H](C2)C)C)\N","P81828793","0","decoy"
"C1CCC[NH+](CC1)Cc2nnc(n2N)[S-]","P86410455","0","decoy"
"CC1(CCCN1c2ccc(cn2)/C(=N/O)/N)C","P96830810","0","decoy"
"C[C@@H]1CSCCN1C(=O)[C@@H](C)/C(=N/O)/N","P107460269","0","decoy"
"C/C(=C(\C)/C(=O)[O-])/C(=O)N1CCC(CC1)[NH3+]","P109262046","0","decoy"
"CN([C@H]1CC[NH2+]C1)C(=O)c2c(ccc[nH+]2)[O-]","P109435107","0","decoy"
"CN1CCCC[C@H]1Cn2c(n[nH]c2=S)N","P109444693","0","decoy"
"C[C@@H]1CCCCN1c2cccc(n2)/C(=N/O)/N","P127334642","0","decoy"
"Cc1cc(c(nc1)N)[C@H](c2ccn(n2)C)O","P130732756","0","decoy"
"c1c(nc(nc1[O-])[C@@H]2CCCOC2)C[NH3+]","P130985724","0","decoy"
"Cn1c(c(cn1)[C@@H](C2CCOCC2)O)N","P131009115","0","decoy"
"c1cc(oc1)[C@H]2CC[C@H](CN2)S(=O)(=O)N","P131016314","0","decoy"
"C[C@H]1CC[C@@H](N(C1)C(=O)c2c(c[nH]n2)N)C","P131486913","0","decoy"
"C1CCC(C1)c2[nH]nc(n2)[C@@]3(CCOC3)N","P132827200","0","decoy"
"c1csc2c1CN(CC2)c3nc([nH]n3)N","P133677369","0","decoy"
"C[C@@H]1[C@@H](CCN1C(=O)C(C)(C)[NH3+])C(=O)[O-]","P135059955","0","decoy"
"CC[C@](C)(C1=NC(=O)C2(CCC2)C(=N1)[O-])[NH3+]","P135358981","0","decoy"
"C[C@H]1CN2CCCC[C@@H]2CN1/C(=N/O)/N","P136091762","0","decoy"
"[H]/N=C\1/[C@@]2(CCO[C@H](C2)CCC)NC(=O)N1","P136186929","0","decoy"
"[H]/N=C/1\[C@]2(CCO[C@@H](C2)CCC)NC(=O)N1","P136208292","0","decoy"
"[H]/N=C/1\[C@@]2(CCO[C@](C2)(C)CC)NC(=O)N1","P136208296","0","decoy"
"[H]/N=C/1\[C@@]2(CCCNC2)N(C(=O)N1)CCC","P136213517","0","decoy"
"[H]/N=C\1/[C@@]2(CCCNC2)N(C(=O)N1)CC(C)C","P136213530","0","decoy"
"[H]/N=C\1/C2(CCNCC2)N(C(=O)N1)CC3CC3","P136213571","0","decoy"
"CS(=O)(=O)[C@H]1CCC[C@H](C1)/C(=N/O)/N","P136338204","0","decoy"
"Cc1cc(nc(n1)[C@]2(CCCO2)C)NN","P136485306","0","decoy"
"C[C@@]1(CCCO1)Cn2c(n[nH]c2=S)N","P136524462","0","decoy"
"CSc1nc(n(n1)[C@@H]2CCCC[C@H]2O)N","P136997475","0","decoy"
"Cc1nc(cc(n1)N2CCC(CC2)CO)N","P137326689","0","decoy"
"c1c(ncnc1N2[C@@H]3CC[C@H]2CC(C3)O)N","P137372199","0","decoy"
"Cc1cc(ncc1N)N2CCO[C@H](C2)CO","P137788732","0","decoy"
"Cc1c(c(n[nH]1)C(=O)N2C[C@@H](CC[C@@H]2C)C)N","P138736146","0","decoy"
"C[C@@H]1CN(C[C@@H]1C)c2cccc(n2)/C(=N/O)/N","P144175423","0","decoy"
"C[C@@H]1CN(C[C@H]1C)c2c(cccn2)/C(=N/O)/N","P144175434","0","decoy"
"c1cc(c(cc1N)CN2CCO[C@H](C2)C#N)O","P147206390","0","decoy"
"C[C@@H]1C(=O)NCCN1c2ccc(c(c2)N)C#N","P148274300","0","decoy"
"c1cc2c(cc1CN)nc([nH]2)[C@H]3COCCO3","P153272688","0","decoy"
"c1cc(ccc1c2cnco2)/C(=N\O)/N","P155691240","0","decoy"
"C[C@H](CO)[NH2+][C@@H](C)C(=O)NC(=O)N","P52846235","0","decoy"
"CC(C)[C@H](C(=O)NC1CCC(CC1)C(=O)N)[NH3+]","P55006673","0","decoy"
"CCC[NH2+][C@H](c1ccc(c(c1)O)O)C(=O)N","P57015824","0","decoy"
"C[C@@H](C(=O)N)NC(=O)[C@H](C(C)(C)C)[NH3+]","P61418116","0","decoy"
"CC(C)(C(=O)N)NC(=O)[C@H](CCSC)[NH3+]","P61741124","0","decoy"
"c1cc2c(c(c1)N)CC[NH+](C2)CC(=O)NC(=O)N","P63933259","0","decoy"
"C1CC[C@H]([C@H](C1)[NH2+]CC(=O)NC(=O)N)O","P77877201","0","decoy"
"C[C@H]1CCC[C@@](C1)(CO)[NH2+]CC(=O)NC(=O)N","P79645284","0","decoy"
"C[C@@H]1CC[C@@H](C[C@@H]1[NH3+])C(=O)NCC(=O)N","P83036149","0","decoy"
"C1CC(CCC1CC(=O)NCCC(=O)N)[NH3+]","P83044067","0","decoy"
"C[C@H]([C@H]([C@H]([C@H]([C@H]1[NH2+]CCS1)O)O)O)O","P90316480","0","decoy"
"CC[C@@H](C(=O)NC1CCC(CC1)C(=O)N)[NH3+]","P90437670","0","decoy"
"C[C@@H]1CN[C@@H](C[NH2+]1)C(=O)NC(C)(C)C(=O)N","P96389591","0","decoy"
"C[C@H](CC1CC1)NC(=O)[C@@H](CC(=O)N)[NH3+]","P107271708","0","decoy"
"C[C@@H](C[NH2+]C[C@@H](C)O)/C(=N/O)/N","P108908407","0","decoy"
"C[C@@H](C/C(=N/O)/N)[NH2+]C[C@H](C)O","P108908413","0","decoy"
"CC1CCC(CC1)(CO)[NH2+]CC/C(=N/O)/N","P108909240","0","decoy"
"C[C@@H](C(=O)N)NC(=O)[C@H]1[C@@H]2CC[C@@H](C2)[C@@H]1[NH3+]","P108931589","0","decoy"
"CC[C@](C)(CO)[NH2+]CC/C(=N/O)/N","P109406998","0","decoy"
"CC[C@](C)(CO)[NH2+][C@H](C)/C(=N/O)/N","P109407108","0","decoy"
"CC[C@](C)(CO)[NH2+]C/C(=N/O)/N","P109436689","0","decoy"
"Cc1cc(c(c(c1[N+](=O)[O-])C)[C@H](C[NH3+])N)O","P112159639","0","decoy"
"CC(C)(CO)[NH2+]Cc1ccc(cc1)/C(=N/O)/N","P123295135","0","decoy"
"C1C[C@H](C[NH+](C1)CCCCC(=O)NN)N","P128878416","0","decoy"
"C[C@H](Cn1ccnc1)N/C(=[NH+]/N)/N","P129681533","0","decoy"
"CC[C@H]1C(=O)NCCN1/C(=[NH+]/N)/N","P129681712","0","decoy"
"CCN1CCC[C@H](C1)N/C(=[NH+]/N)/N","P129695660","0","decoy"
"C1CC[C@@H]([C@H](C1)NC(=O)[C@@H](CC(=O)O)[NH3+])O","P129700083","0","decoy"
"C1CC[C@@H]([C@@H](C1)C[NH2+]CCC/C(=N\O)/N)O","P129738554","0","decoy"
"C1CCC(C1)(C[NH3+])OCC(=O)NC(=O)N","P130433367","0","decoy"
"CC[C@](C)(C[NH2+]C[C@H](C)/C(=N/O)/N)O","P130552606","0","decoy"
"C[C@@H](C(=O)NCC(C)C)S/C(=[NH+]/N)/N","P130750092","0","decoy"
"CC(C)NC(=O)CCS/C(=[NH+]/N)/N","P130750170","0","decoy"
"C[C@H](C[NH2+]CC1(CC1)C/C(=N/O)/N)O","P131181827","0","decoy"
"CC[C@@](C)(CO)[NH2+]Cc1ccccc1/C(=N/O)/N","P131213756","0","decoy"
"C[C@@H](CN1CC[NH2+]C[C@@H]1C(=O)N)C(=O)N","P131452640","0","decoy"
"C1C[C@@H]([C@H](C1)O)C[NH2+]CC/C(=N\O)/N","P131802454","0","decoy"
"C[C@H](/C(=N/O)/N)[NH2+]C[C@@H]1CCC[C@@H]1CO","P131920063","0","decoy"
"c1ccc(c(c1)C[NH2+]C[C@H](CO)O)C(=O)N","P133374972","0","decoy"
"C1CC[C@H]([C@@H](C1)C(=O)NC[C@@H](CO)O)[NH3+]","P133377435","0","decoy"
"C1CCC(CC1)NC(=[NH2+])NC[C@@H](CO)O","P133377927","0","decoy"
"CC[C@@H](C(=O)NC[C@](C)(CO)O)[NH3+]","P133386347","0","decoy"
"C[C@H]([C@H](C)[NH+]1CCC(CC1)N)C(=O)NN","P135162362","0","decoy"
"CC(C)(C[NH+]1CCC[C@H](C1)N)C(=O)NN","P135569199","0","decoy"
"C[C@H](C[NH2+]Cc1cccc(c1)/C(=N/O)/N)CO","P135606425","0","decoy"
"C[NH2+][C@]1(CC[C@@H](C1)SC[C@@H](CO)O)C(=O)N","P135653356","0","decoy"
"CC[NH2+]C(C)(C)c1nnc(n1N)N","P136999122","0","decoy"
"COC(=O)[C@H](CO)NC(=[NH2+])N","P151032002","0","decoy"
"C[C@H](CC(=O)N)NC(=O)C1CCC(CC1)C[NH3+]","P154384430","0","decoy"
"CN(C)C1(CCC1)CN/C(=[NH+]/N)/N","P155459668","0","decoy"
"c1cc(c(cc1[N+](=O)[O-])C(=O)N)N2CCC[NH2+]CC2","P28831039","0","decoy"
"CCn1cc(c(n1)C)[C@@H]2c3c(n[nH]c3OC(=C2C#N)[NH3+])C","P52732209","0","decoy"
"CNC(=O)c1cc(cn1C)S(=O)(=O)N2CCC[C@H](C2)[NH3+]","P53935320","0","decoy"
"Cn1cnnc1c2ccccc2NC(=O)[C@H]3C[C@H](C[NH2+]3)O","P55039536","0","decoy"
"Cc1c2cc(cnc2n(n1)C)NC(=O)[C@@H]3C[C@@H](C[NH2+]3)O","P55046168","0","decoy"
"CC[C@H](C(=O)Nc1ccc(cc1C#N)[N+](=O)[O-])[NH3+]","P55060222","0","decoy"
"CCn1c(c(c(n1)C)[C@H]2c3c(n[nH]c3OC(=C2C#N)[NH3+])C)C","P56493612","0","decoy"
"C[NH+]1CCCN(CC1)S(=O)(=O)c2ccnc(c2)NN","P57130678","0","decoy"
"Cn1cc(cc1C(=O)N[C@H]2CCCC[C@H]2[NH3+])[N+](=O)[O-]","P57208950","0","decoy"
"C[C@H](C(=O)NC(=O)NC)[NH2+]C[C@@H]1COCCO1","P57228888","0","decoy"
"Cc1c([nH+]nc(c1/C(=N/O)/N)N2CCOC(C2)(C)C)C","P61165156","0","decoy"
"C[C@H]1CC[C@H](CN1S(=O)(=O)N2CCC[NH2+]CC2)C(=O)N","P64169453","0","decoy"
"c1ccc2c(c1)N(C[C@@H](O2)C(=O)N)C(=O)[C@@H]3C[NH2+]CCO3","P66195554","0","decoy"
"c1c(c[nH+]cc1S(=O)(=O)[N-]c2nncs2)C#CC[NH3+]","P66860154","0","decoy"
"c1cc(c(cc1C[NH+]2CCNC(=O)C2)[N+](=O)[O-])N","P75985383","0","decoy"
"Cc1c(nnc(c1/C(=N/O)/N)n2c[nH+]c(c2C)C)C","P77772998","0","decoy"
"C[NH+]1CCCC[C@@H]1CNC(=O)c2c(non2)N","P81905731","0","decoy"
"Cn1c(ccn1)C(=O)N(C)c2ccc(cc2)/C(=[NH+]/O)/N","P94982168","0","decoy"
"c1nnnn1CC(=O)N[C@H]2CCCCC[C@H]2[NH3+]","P97074295","0","decoy"
"Cc1nnc(o1)Sc2cc(c3ccccc3[nH+]2)/C(=N/O)/N","P105620882","0","decoy"
"Cn1c[nH+]c(c1S(=O)(=O)/N=c\2/cccc[nH]2)N","P108035210","0","decoy"
"CCc1c([nH+]n(c1N)[C@H]2CCS(=O)(=O)C2)c3cn[nH]c3C","P125058277","0","decoy"
"c1nc([nH]n1)c2nc(on2)[C@H]3CC[C@@H](C3)[NH3+]","P133034368","0","decoy"
"CCn1c(c(c(n1)C)[N+](=O)[O-])N[C@H]2C[C@@H]2[NH3+]","P133050754","0","decoy"
"Cc1c(c(n(n1)C)n2cc(cn2)C(=O)N)C[NH2+]C","P133289593","0","decoy"
"Cc1c[nH+]c(nc1N(C)[C@H]2CCS(=O)(=O)C2)NN","P137416460","0","decoy"
"C[C@@H](Cn1cc[nH+]c1)NC(=O)c2c(cn(n2)C)N","P137453059","0","decoy"
"Cc1cc(nc([nH+]1)NN)Sc2nnc(n2C)C","P137488791","0","decoy"
"CCc1[nH+]c(cc(n1)N2CCS(=O)(=O)CC2)NN","P137501164","0","decoy"
"Cc1c(nnc(c1C(=[NH2+])N)Oc2c(nn(c2C)C)C)C","P138357094","0","decoy"
"C[C@@H]1CCCN(C1)S(=O)(=O)N2CC[NH2+]C[C@@H]2C(=O)N","P138681827","0","decoy"
"c1cc(ccc1N2CC[NH2+]C[C@H]2C(=O)N)[N+](=O)[O-]","P138695096","0","decoy"
"Cc1c(c(n([nH+]1)C)N[C@@H]2CC(=O)N(C2=O)C)C(=S)N","P138889193","0","decoy"
"Cc1c(c([nH]n1)C[NH3+])S(=O)(=O)N2C[C@@H](O[C@H](C2)C)C","P139083386","0","decoy"
"C[C@@H](C(=O)NC(=O)NC)N1CCN(CC1)C2C[NH2+]C2","P141172621","0","decoy"
"Cc1cccc(c1[N+](=O)[O-])C(=O)N[C@H]2[C@H]([C@@H]3[C@@H]2OCC3)[NH3+]","P141189612","0","decoy"
"Cc1c(cccc1[N+](=O)[O-])C(=O)N[C@H]2[C@@H]([C@@H]3[C@@H]2OCC3)[NH3+]","P141189661","0","decoy"
"Cc1c(cccc1[N+](=O)[O-])C(=O)N[C@@H]2[C@H]([C@@H]3[C@@H]2OCC3)[NH3+]","P141189662","0","decoy"
"c1cc(sc1C(=O)N[C@@H]2[C@@H]([C@@H]3[C@@H]2OCCC3)[NH3+])[N+](=O)[O-]","P141191944","0","decoy"
"C1C[C@H]2C[NH+](C[C@@H]1O2)CC(=O)N3CCC(CC3)C(=O)NN","P142206424","0","decoy"
"c1cc(c(cc1n2cnnn2)NC(=O)[C@@H]3CC[C@@H](C3)[NH3+])F","P143259946","0","decoy"
"CCc1c(c(n([nH+]1)C)N[C@@H]2CC(=O)N(C2=O)C)N","P143293009","0","decoy"
"c1[nH]c2c([nH+]1)CN([C@H](C2)C(=O)[O-])C(=O)[C@H]3CCCCC[NH2+]3","P145224310","0","decoy"
"C1CCN(C1)S(=O)(=O)N2CCO[C@@H](C2)C(=[NH2+])N","P147232053","0","decoy"
"c1cc(nc(c1[N+](=O)[O-])N)O[C@@H]2CCC[NH2+]C2","P147730873","0","decoy"
"C[C@@H](c1ccccc1Nc2ccc3nnnn3n2)[NH3+]","P148474509","0","decoy"
"CN(CC[NH3+])c1[nH]c2ccc(cc2n1)[N+](=O)[O-]","P148540769","0","decoy"
"C1C[NH2+]Cc2c1nc(s2)NC(=O)c3nc([nH]n3)C4CC4","P148993874","0","decoy"
"Cc1c/c(=N/S(=O)(=O)c2c(n([nH+]c2N)C)C)/cc[nH]1","P155280764","0","decoy"
"C1CC[NH+](CC1)C2(CCN(CC2)[C@@H]3CC(=O)NC3=O)C(=O)N","P155876660","0","decoy"
"COc1cc2c(cc1C(=O)NN)OCCCO2","P23949521","0","decoy"
"C[C@@H](C(=O)NC(=O)N)Sc1nncs1","P24270690","0","decoy"
"c1cc(c(cc1C#N)[N+](=O)[O-])N[C@H]2C[C@@H]2N","P53892996","0","decoy"
"c1cc(c(cc1C#N)[N+](=O)[O-])N[C@@H]2C[C@H]2N","P53892999","0","decoy"
"c1cc(c(c(c1)F)[N+](=O)[O-])NCC(=O)N","P55633829","0","decoy"
"c1cc(c(cc1F)C(=O)N[C@H]2C[C@@H]2N)[N+](=O)[O-]","P56026715","0","decoy"
"C1CCC(C1)(C(=O)Nc2nnc(o2)C3CC3)N","P62045695","0","decoy"
"Cc1ccc(cc1C(=O)N[C@H]2C[C@@H]2N)[N+](=O)[O-]","P62279240","0","decoy"
"c1c(c(cc2c1OCO2)O)CNc3c[nH]nc3","P64812452","0","decoy"
"C[C@H](/C(=N/O)/N)Oc1ccc2c(c1)OCO2","P65800872","0","decoy"
"CCOC(=O)N(C)C/C(=N/O)/N","P67911690","0","decoy"
"CC(C)(C#N)C(=O)NNC(=O)NC1CCCC1","P73810982","0","decoy"
"CN1CCN(CC1)c2c(cc(c[nH+]2)N)C(=O)[O-]","P73844094","0","decoy"
"c1cnn(c1)Cc2c(snn2)NN","P76598095","0","decoy"
"CNC(=O)NNC(=O)c1ccccc1OC","P84715088","0","decoy"
"Cc1c(nnn1c2ccccc2)/C(=N/O)/N","P86099581","0","decoy"
"c1cc(c(cc1[N+](=O)[O-])N)N2CC[C@H](C2)O","P94515754","0","decoy"
"Cc1ccc(cc1)Cn2cnc(n2)/C(=N/O)/N","P94747179","0","decoy"
"C[C@H](c1ccc(cc1)N)Nc2nnnn2C","P96568166","0","decoy"
"C[C@H](C/C(=N/O)/N)N(C)c1nncs1","P107834496","0","decoy"
"CC(C)Cn1cnnc1c2cc(n[nH]2)N","P108987737","0","decoy"
"C[C@H](C(=O)/N=c\1/n(ccs1)C)NC(=O)N","P109073299","0","decoy"
"C=CCNC(=O)NNC(=O)[C@H]1CCCO1","P123449701","0","decoy"
"C[C@H]1CC[C@@H](C[C@@H]1C)n2cnc(n2)/C(=N/O)/N","P133069381","0","decoy"
"CCC1CCC(CC1)n2cnc(n2)/C(=N/O)/N","P133130505","0","decoy"
"CCn1c(cc(n1)C)c2nc([nH]n2)N","P133246160","0","decoy"
"[C@H]1(N=C2C(=NC(=N2)Br)C(=N1)[O-])[NH3+]","P133530570","0","decoy"
"c1cc(ccc1n2cc(nn2)/C(=N/O)/N)Cl","P133535119","0","decoy"
"C1CCN(C1)[C@@H]2CCN(C2)c3nc([nH]n3)N","P133709002","0","decoy"
"c1cc2c(cc1[N+](=O)[O-])c(c[nH]2)CC(=O)N","P134676742","0","decoy"
"c1cc(nc(c1)NN)CN2CCO[C@H](C2)C#N","P135656866","0","decoy"
"C[C@@H](CNc1ccc(c(c1)[N+](=O)[O-])C#N)N","P136320447","0","decoy"
"CN(C)c1nc(n(n1)[C@@H]2CCCC[C@@H]2O)N","P136998656","0","decoy"
"c1c(cn(n1)Cc2nnc(s2)NN)Cl","P137171026","0","decoy"
"c1c(cc(cc1N2CCNCC2)[N+](=O)[O-])N","P137382167","0","decoy"
"CN(Cc1ccco1)c2cc(ncn2)NN","P137417534","0","decoy"
"Cc1c(cn(n1)c2cc(nc(n2)C)NN)Cl","P137438498","0","decoy"
"c1c(nc(cn1)N2CCN(CC2)C3CC3)NN","P137446004","0","decoy"
"Cc1nc(cc(n1)N2CC[C@H](C2)N(C)C)NN","P137448800","0","decoy"
"c1c(nc(cn1)Sc2nncs2)NN","P137475387","0","decoy"
"C[C@@H]1CN(CCO1)c2cc(ncn2)NN","P137487200","0","decoy"
"Cc1ccc(c(n1)N[C@H](C)CN)[N+](=O)[O-]","P137697102","0","decoy"
"CCc1c(c(n(n1)C)N2CCC(=O)NCC2)N","P143310214","0","decoy"
"CC(C)c1c(c(n(n1)C)N2CCNC(=O)C2)N","P143330262","0","decoy"
"C[C@@H]1CN2CCCC[C@@H]2CN1c3nc([nH]n3)N","P148026504","0","decoy"
"CNc1cc(n(/c(=N\C#N)/c1C#N)C)N","P151031887","0","decoy"
"CN(CC/C(=N/O)/N)C(=O)c1ccco1","P152674539","0","decoy"
"CN(C)S(=O)(=O)Nc1ccc(cc1N)C#N","P152676535","0","decoy"
"c1cc(oc1)c2cc3c([nH]nc3nn2)N","P153330047","0","decoy"
"C1CCc2c(c(n[nH]2)C(=O)OCC(=O)N)C1","P156058746","0","decoy"
"Cc1cc(ccc1N[C@H](C)C(=O)NC(=O)N)F","P30246175","0","decoy"
"Cc1c(c(n[nH]1)C)N[C@@H](C)c2cc(ccc2O)O","P54591879","0","decoy"
"Cc1ccc(cc1O)C(=O)Nc2ccc(cc2C#N)N","P54593695","0","decoy"
"c1cc2c(cc1O)OC[C@@]2(C(=O)N)NC3CCCC3","P57059692","0","decoy"
"CCc1ccccc1n2c(c(cn2)C(=O)N)N","P59238550","0","decoy"
"c1cc(cc(c1)NC(=O)C2CCCC2)/C(=N\O)/N","P61283914","0","decoy"
"CC(C)(/C(=N/O)/N)NC(=O)c1ccccc1F","P61286126","0","decoy"
"CC(C)n1cc(cc1C(=O)Nc2cccc(c2)O)N","P61477025","0","decoy"
"Cc1cccc2c1N(CCC2)C(=O)[C@@H](CC(=O)N)N","P62044787","0","decoy"
"c1c(cnc(c1C(=O)N)N2CCC[C@@H]3[C@@H]2CCCC3)N","P63772664","0","decoy"
"C[C@@H](/C(=N/O)/N)C(=O)NC12CC3CC(C1)CC(C3)C2","P67636481","0","decoy"
"Cc1c(c(n(n1)C)NC2(CCC(CC2)C)CO)N","P79623254","0","decoy"
"C[C@H](C(=O)NC(=O)N)Nc1cc(c(cc1F)F)F","P93505968","0","decoy"
"c1cc(c(cc1[NH+]2CC[C@@H](C2)O)C(=O)[O-])N","P94523519","0","decoy"
"C[C@H]1C[C@H]1C(=O)N[C@@H]2CCC[C@@H]2/C(=N/O)/N","P94833947","0","decoy"
"c1cc(cc(c1)NC(=O)[C@@H]2CCC[C@@H](C2)[NH3+])C(=O)[O-]","P108862434","0","decoy"
"C[C@@H]1C[C@H]1C(=O)Nc2cccc(c2)NC(=O)N","P111413656","0","decoy"
"c1cc(c(cc1Br)/C=N\NC(=O)N)O","P114331576","0","decoy"
"Cc1c(c[nH]n1)c2c(c(n[nH]2)N)c3cccc(c3)Cl","P125061312","0","decoy"
"Cc1cc(n[nH]1)NC(=O)[C@]2(CCC[C@@H](C2)C)N","P126388659","0","decoy"
"Cc1ccc(cc1C)S(=O)(=O)N/[NH+]=C(\N)/[S-]","P130750927","0","decoy"
"C[C@]12CC[C@H](C1)C([C@H]2NC(=O)c3cc(n[nH]3)N)(C)C","P131170315","0","decoy"
"C[C@H]1C[C@@H](CC(C1)NC(=O)C(C)(C)/C(=N/O)/N)C","P132993990","0","decoy"
"C[C@H]1CC[C@H](C[C@@H]1C)Oc2c(cc(cn2)N)C(=O)N","P133036360","0","decoy"
"c1ccc(c(c1)C(=O)[O-])NC(=O)[C@H]2CCCC[C@@H]2[NH3+]","P133576041","0","decoy"
"CC1CCC(CC1)(CNc2c(cc(cn2)N)C#N)O","P136239541","0","decoy"
"C[C@H]1CCC[C@@](C1)(CNc2ncc(cn2)N)O","P136239922","0","decoy"
"c1cc(c(cc1Cc2nnc(n2N)N)Cl)Cl","P136998783","0","decoy"
"c1cc(c(cc1Br)c2nnc(n2N)N)F","P136998989","0","decoy"
"C[C@H]1C[C@@H]1C(=O)NC2(CCCC2)/C(=N\O)/N","P138152127","0","decoy"
"c1ccc(c(c1)C(=O)N[C@@H]2[C@@H]([C@@H]3[C@@H]2OCCC3)N)O","P141208571","0","decoy"
"c1ccc(c(c1)C(=O)N[C@@H]2[C@H]([C@@H]3[C@@H]2OCCC3)N)O","P141208573","0","decoy"
"c1cc(c(cc1C(=O)[O-])NC(=O)[C@H]2CC[C@@H](C2)[NH3+])F","P143252723","0","decoy"
"c1ccc(c(c1)C(=O)[O-])NC(=O)[C@H]2CC[C@@H](C2)[NH3+]","P143253216","0","decoy"
"Cc1ccc(c(c1)C(=O)[O-])NC(=O)[C@H]2CC[C@H](C2)[NH3+]","P143260380","0","decoy"
"CCn1c(c(c(n1)C)N)N[C@@H]2CCCC[C@@H]2O","P143271668","0","decoy"
"Cc1ccc(cc1NC(=O)[C@H]2C[C@@H](C=C2)[NH3+])C(=O)[O-]","P144353002","0","decoy"
"Cc1ccc(c(c1)C(=O)[O-])NC(=O)[C@@H]2C[C@@H](C=C2)[NH3+]","P144355322","0","decoy"
"C[C@H](c1ccc(cc1O)N2CCC(CC2)C(=O)N)O","P146715275","0","decoy"
"CC1(CN(CCN1C)c2ccc(c(n2)N)N)C","P147729794","0","decoy"
"C[C@@H](/C(=N/O)/N)C(=O)N[C@H]1CCCCC1(C)C","P147848838","0","decoy"
"CCCn1c[nH+]cc1[C@@H]2C(=[NH2+])N3CC[C@@H](CC3=[NH+]2)C","P148306966","0","decoy"
"Cc1cc(cc(c1N)C(=O)[O-])[NH+]2CCCC[C@H]2CO","P148431805","0","decoy"
"C[C@@H]([C@H]1CCCO1)Nc2[nH]c3cc(ccc3n2)N","P148544029","0","decoy"
"CC1(CCCC1)C(=O)N[C@@H]2CCC[C@@H]2/C(=N/O)/N","P148759810","0","decoy"
"c1c2c(sc1C(=O)Nc3c(c[nH]n3)N)CCC2","P148970824","0","decoy"
"c1cc(ccc1CO)c2cc(c([nH+]c2)N)C(=O)[O-]","P150067617","0","decoy"
"c1cc(c(cc1c2cncc3c2ccc(c3O)O)O)O","P150727006","0","decoy"
"c1ccc(c(c1)NC(=O)c2cc(cs2)C(=O)N)O","P153726905","0","decoy"
"c1cc(cc(c1)/N=C/c2ccc(cc2O)O)C(=O)N","P155035147","0","decoy"
"c1ccc2c(c1)NC[C@H](O2)C(=O)[O-]","P24065152","0","decoy"
"CC1([C@@H]2CC[C@]1(/C(=N/O)/C2)C(=O)[O-])C","P24160467","0","decoy"
"c1cc(c(cc1F)C(=O)/C=C/C(=O)[O-])O","P42051224","0","decoy"
"COc1ccc(s1)S(=O)(=O)[NH-]","P51379348","0","decoy"
"CC1=CC[C@H]([C@H](C1)C(=O)[O-])C(=O)O","P56526409","0","decoy"
"CC1=C(C(=O)c2cccc(c2C1=O)O)[O-]","P59228326","0","decoy"
"C[C@]1(CC=C(C1(C)C)C(=O)[O-])C(=O)O","P59267899","0","decoy"
"C[C@@H]1CNCCN1Cc2ccccc2C(=O)[O-]","P60629059","0","decoy"
"CS(=O)(=O)[N-]c1ccccc1CO","P63872825","0","decoy"
"CC[C@H]1CCCC[C@H]1NC(=O)C(=O)[O-]","P64401210","0","decoy"
"C1CNC[C@@H]2C1=NO[C@@]2(C(F)(F)F)[O-]","P65732579","0","decoy"
"C[C@@H]1C=CC[C@H]([C@@]1(C)C(=O)O)C(=O)[O-]","P67928051","0","decoy"
"CCNC(=O)C1(CCC1)C(=O)[O-]","P75217721","0","decoy"
"C[C@H]1C[C@H]1NC(=O)[C@@H]2C[C@@H]2C(=O)[O-]","P78244276","0","decoy"
"C[C@H]1c2ccccc2[N-]/C(=N/C#N)/N1","P83069808","0","decoy"
"C1C[C@@H](OC1)C[C@]2(CCCNC2)C(=O)[O-]","P96462808","0","decoy"
"C[C@](C(=O)O)(C(=O)[O-])C(C)(C)C","P98299548","0","decoy"
"[H]/N=C/1\C=C[C@@H](S1)c2[n-]c3cccnc3n2","P105948661","0","decoy"
"CCC(C)(C)N(C)S(=O)(=O)[NH-]","P105994133","0","decoy"
"CCC[C@H]1C[C@@]2(CCO1)CNC[C@@H]2C(=O)[O-]","P107063757","0","decoy"
"CC(C)(C#C)NC(=O)[C@@H]1C[C@@H]1C(=O)[O-]","P107290233","0","decoy"
"CC[C@]1(C[C@@](CCO1)([C@@H](C)C(=O)[O-])O)C","P107707661","0","decoy"
"CC[C@@H]1C[C@@](CCO1)(C(C(=O)[O-])(F)F)O","P107707728","0","decoy"
"C1C[C@@H]2C[C@H]1C[C@@H]2NC(=O)CC(=O)[O-]","P109099859","0","decoy"
"C1CC[C@@H]([C@H](CC1)C(=O)[O-])C(=O)O","P110089062","0","decoy"
"COc1cccc(c1F)[C@H](C(=O)[O-])O","P118312377","0","decoy"
"c1ccc(cc1)C(=O)N[C@@H]2C[C@H](C=C2)C(=O)[O-]","P121908763","0","decoy"
"C[C@H]1CCCN1C[C@@](C)(C(=O)[O-])O","P125311663","0","decoy"
"C1CC(CCC1CNC=O)C(=O)[O-]","P126698214","0","decoy"
"c1cc(ccc1CO)Sc2[n-]ncn2","P129116712","0","decoy"
"C1C[C@@H]([C@@H](C1)NC(=O)C(F)(F)F)C(=O)[O-]","P129618977","0","decoy"
"CCNC(=O)[C@@H]1[C@H](C1(C)C)C(=O)[O-]","P129623945","0","decoy"
"CC[C@@H]1CC[C@@H]([C@@H]1C)NC(=O)C(=O)[O-]","P129814924","0","decoy"
"CC[C@@H](C#N)C(=O)NC1CC(C1)[O-]","P132138220","0","decoy"
"C1C(CC1[O-])CNc2c(nsn2)Cl","P132143520","0","decoy"
"C1C[C@H](C[C@H]1C(=O)[O-])NC(=O)C(F)(F)F","P133032866","0","decoy"
"C[C@@H]1Cc2c(cccc2OC)[C@@H](N1)C(=O)[O-]","P133056490","0","decoy"
"CC[C@@H]1C[C@@H](CCO1)[C@@H](C(=O)[O-])O","P133732712","0","decoy"
"C1C[C@H]2CO[C@H](CN2C1)CNC(=O)C[S-]","P134349514","0","decoy"
"Cc1ccc(n1/N=C(/C(C)(C)NC)\[O-])C","P134407533","0","decoy"
"Cc1ccc(n1/N=C(/[C@H]2CCCCN2)\[O-])C","P134407670","0","decoy"
"CC(C)C(=O)N[C@@H]1C[C@@H](C=C1)C(=O)[O-]","P134803323","0","decoy"
"CC[C@@]1(C[C@@](CCO1)([C@@H](C(=O)[O-])F)O)C","P135045846","0","decoy"
"C1CCO[C@H](C1)C[C@@]2(CCCNC2)C(=O)[O-]","P135199258","0","decoy"
"C1CCC2(C1)C[C@@H](CCO2)[C@H](C(=O)[O-])O","P136032697","0","decoy"
"C#CC(=O)N[C@@H]1CCCCC[C@H]1C(=O)[O-]","P136475105","0","decoy"
"C[C@@]1(CNC[C@H]1C(=O)[O-])c2ccoc2","P136614907","0","decoy"
"c1cc2c(cc1F)NC[C@H](O2)CC(=O)[O-]","P136874911","0","decoy"
"CC(C)(C)N([C@H]1CCC[C@H]1CO)C(=O)[O-]","P151026641","0","decoy"
"CC1=CC(=O)c2c(c3c([n-]2)[C@H](CC3)O)C1=O","P151027936","0","decoy"
"CNC(=S)NN[C@H]1[C@H]([C@@H]([C@@H]([C@@H](O1)CO)O)O)O","P07862578","0","decoy"
"C[C@@H]([C@@H]([C@@H]([C@@H](C1NNC(=S)NN1)O)O)O)O","P07919128","0","decoy"
"CNC(=S)NN[C@H]1[C@H]([C@H]([C@@H]([C@H](O1)CO)O)O)O","P30117722","0","decoy"
"CCO[C@H](C)/C(=N\[NH+]=C(/N)\[S-])/C=N/[NH+]=C(\N)/[S-]","P45167075","0","decoy"
"C(c1n[nH]c(=S)n1N)c2n[nH]c(=S)n2N","P52268118","0","decoy"
"CNC(=O)CNc1ccc(cc1N)S(=O)(=O)N","P55349371","0","decoy"
"C1CN(CCC1C(=O)N)C(=O)[C@H](CC(=O)N)N","P55950539","0","decoy"
"c1c(cc(cc1NCC(=O)NC2CC2)S(=O)(=O)N)N","P57002137","0","decoy"
"C1N[C@@H]2N/C(=N\O)/C(=N/O)/N[C@@H]2NC1","P60318315","0","decoy"
"C[C@@H](CC(=O)N[C@H](CC(=O)N)C(=O)[O-])[NH3+]","P61438042","0","decoy"
"C[C@@](C1CC1)(C(=O)N[C@@H](CC(=O)N)C(=O)[O-])[NH3+]","P61438061","0","decoy"
"C1CCC(C1)(C(=O)N[C@H](CC(=O)N)C(=O)[O-])[NH3+]","P61438068","0","decoy"
"Cc1ccc(c(c1)C(=O)[O-])NC(=O)[C@@H](CC(=O)N)[NH3+]","P61451951","0","decoy"
"C[C@@H](CC(=O)[O-])NC(=O)[C@H](CC(=O)N)[NH3+]","P61454161","0","decoy"
"CC(C)(C)[C@H](C(=O)[O-])NC(=O)[C@@H](CC(=O)N)[NH3+]","P61454339","0","decoy"
"CC(C)(C)[C@@H](C(=O)[O-])NC(=O)[C@H](CC(=O)N)[NH3+]","P61454340","0","decoy"
"C[C@@H](CC(=O)N[C@@H](Cc1ccc(c(c1)O)O)C(=O)[O-])[NH3+]","P61459403","0","decoy"
"C1C[NH2+]CCC1NC(=O)N[C@@H](CC(=O)N)C(=O)[O-]","P64169578","0","decoy"
"C1CCC(CC1)(/C(=N/O)/N)C(=O)NCCCC(=O)N","P67540036","0","decoy"
"C[C@@H](/C(=N/O)/N)C(=O)NCCCC(=O)N","P67644475","0","decoy"
"C[C@@H](C(=O)N)NC(=O)c1ccc(c(c1)NN)[N+](=O)[O-]","P81877440","0","decoy"
"C(CNS(=O)(=O)N)NS(=O)(=O)N","P90271809","0","decoy"
"C[C@@H](C(=O)N)NC(=O)C1(CCCC1)/C(=N/O)/N","P90398720","0","decoy"
"C[C@@H]1CNC(=[NH+]1)C(C2=[NH+]C[C@H](N2)C)(C3=[NH+]C[C@@H](N3)C)O","P105275513","0","decoy"
"C[C@H]1CNC(=[NH+]1)C(C2=[NH+]C[C@H](N2)C)(C3=[NH+]C[C@@H](N3)C)[O-]","P105279502","0","decoy"
"C1CC(=O)N[C@H]1CNC(=O)[C@@H](CC(=O)N)N","P109056794","0","decoy"
"C1CC(=NN=C(N)N)CCC1=NN=C(N)N","P109754494","0","decoy"
"C([C@@H]1[C@H]([C@H]([C@H](O1)NC(=O)N/C(=N/C=O)/N)O)O)O","P120588912","0","decoy"
"Cc1c(c(n(n1)C)NC[C@@H]([C@@H](C)O)N)C(=O)N","P126049679","0","decoy"
"[H]/N=C(\N)/N/C(=N/c1ccc(cc1)S(=O)(=O)N)/N","P126226990","0","decoy"
"C[C@H]1CCC[C@](C1)(C(=O)N[C@@H](CC(=O)N)C(=O)[O-])[NH3+]","P126356189","0","decoy"
"CC(C)(C(=O)N)NC(=O)[C@H](CC(=O)[O-])[NH3+]","P129687414","0","decoy"
"C([C@H](C(=O)NC(CO)CO)N)C(=O)N","P130926828","0","decoy"
"C[C@](CNC(=O)[C@@H](CC(=O)N)[NH3+])(C(=O)[O-])O","P133350602","0","decoy"
"C[C@@](CNC(=O)[C@H](CC(=O)N)N)(CO)O","P133394345","0","decoy"
"c1cc(c(cc1C(=O)N)NC(=O)[C@H](CC(=O)[O-])[NH3+])F","P134335624","0","decoy"
"C1CC(CCC1C(=O)N)NC(=O)[C@H](CCC(=O)[O-])[NH3+]","P134349791","0","decoy"
"C(CC(=O)[O-])[C@@H](C(=O)NC(=O)N)[NH3+]","P134782909","0","decoy"
"C1C[C@H](CN(C1)C(=O)CS/C(=N\N)/N)C(=O)N","P136827301","0","decoy"
"C1[C@H]([C@H](CO1)N)c2nnc(n2N)N","P137003147","0","decoy"
"c1cc(c2c(c1N)c([n+](n2O)[O-])N)N","P139509248","0","decoy"
"C1C[C@@H]([C@@H](C1)C(=O)N[C@@H](CC(=O)N)C(=O)[O-])C[NH3+]","P139846404","0","decoy"
"[H]/N=C(/N)\N/C(=N/c1ccc(cc1)S(=O)(=O)N)/N","P141667246","0","decoy"
"C[C@@H](c1ccc(cc1O)N(CC(=O)N)CC(=O)N)O","P146716149","0","decoy"
"C1CC(C1)(CC(=O)N[C@@H](CC(=O)N)C(=O)[O-])[NH3+]","P147787667","0","decoy"
"[H]/N=C(/N)\N/N=C/C(=N/N=C(N)N)/CC","P148007033","0","decoy"
"c1cc(ccc1NC(=O)[C@@H]2CC[C@H](O2)CN)NC(=O)N","P148238314","0","decoy"
"C1CC[C@H]([C@H](CC1)[NH3+])C(=O)N[C@@H](CCC(=O)N)C(=O)[O-]","P148506858","0","decoy"
"C1C/C(=N\NC(=O)N)/CC/C(=N/NC(=O)N)/CC1","P154382213","0","decoy"
"CCCOc1cc(cnc1)[C@@H](c2c[nH]nc2N)NN","P154609169","0","decoy"
"C(CCl)N(C(=O)NN)N=O","P08165825","0","decoy"
"Cc1ccc(o1)/C=N/Nc2nnc(n2N)C","P22903594","0","decoy"
"c1cc2c(c(c1)OCC(=O)NN)OCCO2","P22940161","0","decoy"
"C[C@H]1[C@H]([C@](N/C(=N/C#N)/N1)(C)O)C(=O)C","P25513953","0","decoy"
"c1ccn2c(c1)nn(c2=O)C[C@H](CN)O","P28487706","0","decoy"
"C[C@@]1(C(=O)N(C(=O)N1)CCN)c2ccco2","P28712009","0","decoy"
"Cc1nccn1c2ccc(cn2)/C(=N/O)/N","P28733345","0","decoy"
"Cc1c(c(n(n1)C)N[C@@H]2C[C@@H]2N)[N+](=O)[O-]","P53892796","0","decoy"
"Cc1c(nnn1c2c(non2)N)[C@H](C)O","P56392015","0","decoy"
"Cc1c(c(n(n1)C)NC[C@H]2COCCO2)N","P57229745","0","decoy"
"Cc1nnc(n1N)N/N=C/c2ccco2","P57479934","0","decoy"
"CO[C@H]1[C@H]([C@@H]([C@H]([C@@H](O1)C(=O)OC)O)O)O","P59230609","0","decoy"
"c1c(onc1C(=O)[O-])C[NH+]2CCC[C@@H](C2)N","P64170253","0","decoy"
"C[C@H](/C(=N/O)/N)N(C)C(=O)c1ccoc1","P68028479","0","decoy"
"c1c(cn[nH]1)S(=O)(=O)N2CC[C@H](C2)N","P75166203","0","decoy"
"c1cnn(c1)c2c(nccn2)/C(=N\O)/N","P81823493","0","decoy"
"CS(=O)(=O)NCc1nnc(s1)N","P89040985","0","decoy"
"c1cc2c(cc1[N+](=O)[O-])[nH]c(n2)[C@H](CO)O","P90237860","0","decoy"
"CC[C@H]1C[C@@H](OC1=O)/C(=N\NC(=O)N)/C","P94980524","0","decoy"
"CC1=C[C@@H](NN1)C(=O)N/N=C/[C@H]2C=CC=N2","P97370278","0","decoy"
"Cc1cn(nc1[N+](=O)[O-])[C@H](C)C(=O)NN","P108238131","0","decoy"
"C[C@@H]1CCCN1c2cnc(cn2)/C(=N/O)/N","P108870137","0","decoy"
"c1cc(oc1[C@@H]2[C@H](CCC(=O)N2)N)[N+](=O)[O-]","P109351505","0","decoy"
"CNC(=O)NC(=O)CN(C)[C@@H]1CCNC1","P109443973","0","decoy"
"Cc1ccc(c(c1)[N+](=O)[O-])[C@@H](C(=O)[O-])[NH3+]","P112150825","0","decoy"
"Cc1cc(ccc1[C@@H](C(=O)[O-])[NH3+])[N+](=O)[O-]","P112150827","0","decoy"
"c1cc(c(cc1[N+](=O)[O-])[C@@H](C(=O)[O-])[NH3+])F","P112150870","0","decoy"
"C[C@H](CN1CCn2cnnc2C1)/C(=N/O)/N","P127195315","0","decoy"
"C1CNC(=O)CN(C1)C(=O)[C@H]2CNCCN2","P131016134","0","decoy"
"C[C@@H](C(=O)NC(=O)N)N1CCCC[C@@H]1C#N","P131048084","0","decoy"
"C1C[C@H]2[C@H](C[C@@H]1[NH2+]2)C(=O)NCc3[n-]nnn3","P131206952","0","decoy"
"CNC(=O)[C@H]1CNCCN1C(=O)NC2CC2","P131773216","0","decoy"
"C[C@H](C(=O)N)N[C@@H]1CCC(=O)N(C1=O)C","P132075799","0","decoy"
"CCC[C@H](C(=O)N1CC(=O)NC(=O)[C@H]1C)N","P133144715","0","decoy"
"CC[C@@H]1C(=O)NC(=O)CN1C(=O)[C@@H](CC)N","P133145246","0","decoy"
"CC[C@@H]1C(=O)NC(=O)CN1C(=O)C(C)(C)N","P133145257","0","decoy"
"C[C@H]1C(=O)NC(=O)CN1[C@@H]2CNC[C@@H]2O","P133150150","0","decoy"
"CC(C)n1c[nH+]cc1[C@@H](c2[n-]nnn2)N","P133279305","0","decoy"
"Cn1c(nnn1)N[C@H]2[C@H]([C@@H]3[C@@H]2OCC3)N","P133459099","0","decoy"
"C1CC1N2CCN(CC2)c3nc([nH]n3)N","P133708894","0","decoy"
"CCOC(=O)N1CCO[C@H](C1)/C(=N/O)/N","P135648418","0","decoy"
"Cn1cc(cn1)NC(=O)[C@@H]2CC[C@H](O2)CN","P136261145","0","decoy"
"c1conc1NC(=O)[C@H]2CC[C@@H](O2)CN","P136261548","0","decoy"
"CCc1[n-]nc(n1)C(=O)N2CCC[C@@H](C2)[NH3+]","P136813032","0","decoy"
"Cc1[n-]nc(n1)C(=O)N2C[C@@H](C[C@@H](C2)[NH3+])C","P136813717","0","decoy"
"C1C[NH2+]C[C@H]1CNC(=O)c2[n-]nnn2","P137107883","0","decoy"
"C[C@@H](c1nncn1C)NC(=O)C2(CCC2)N","P137720719","0","decoy"
"C1CC(C1)(C(=O)Nc2nnc(o2)C3CC3)N","P137721221","0","decoy"
"c1c(c(ncn1)N2CCO[C@H](C2)CO)N","P137773165","0","decoy"
"C1CC(=O)N[C@@H]1CNC(=O)[C@H]2CC(=O)NC2","P152628288","0","decoy"
"CCCNc1ccc(cc1[N+](=O)[O-])S(=O)(=O)N","P10219034","0","decoy"
"C=CCNC(=O)NNC(=O)c1ccc2c(c1)OCO2","P18722120","0","decoy"
"CCOC(=O)[C@]1(c2c(n[nH]c2OC(=C1C#N)N)C)C","P26899881","0","decoy"
"Cc1c(c(n[nH]1)O)CC(=O)N/N=C\c2ccco2","P49218952","0","decoy"
"C[C@@H](C(=O)N)NC(=O)c1cc(ccc1[N+](=O)[O-])Cl","P52162935","0","decoy"
"Cc1ccc(cc1[N+](=O)[O-])S(=O)(=O)N[C@@H]2C[C@H]2N","P53888377","0","decoy"
"c1c(c(cc2c1OCCO2)[N+](=O)[O-])N[C@H]3C[C@@H]3N","P53892933","0","decoy"
"Cc1cc(ccc1[N+](=O)[O-])c2cc(n(n2)CCO)N","P55607592","0","decoy"
"c1cc(c(cc1C(=O)N)[N+](=O)[O-])NC[C@H]2CCOC2","P57084721","0","decoy"
"c1cc(c(cc1O)O)/C=N/NC(=O)[C@H]2C=CN=N2","P59328734","0","decoy"
"CC(C)NC(=O)CNc1c(n2ccccc2[nH+]1)C(=O)[O-]","P63784531","0","decoy"
"CNC(=O)CNC(=O)N1CCC[C@H](C1)CCC(=O)O","P65909339","0","decoy"
"CC(C)COc1ccc(cc1[N+](=O)[O-])/C(=N/O)/N","P66854253","0","decoy"
"CCCOc1ccc(cc1[N+](=O)[O-])/C(=N/O)/N","P66854282","0","decoy"
"CCN(CC)c1ccc(cc1[N+](=O)[O-])/C(=N/O)/N","P75428540","0","decoy"
"c1cc(c(cc1/C(=N\O)/N)[N+](=O)[O-])N2C[C@H]3CC[C@@H]2C3","P75428630","0","decoy"
"c1cc(oc1)CCNC(=O)c2cc(ccc2[N+](=O)[O-])N","P75849847","0","decoy"
"c1cc(c(cc1C(=O)N)[N+](=O)[O-])N2CC[C@H](C2)CO","P77713090","0","decoy"
"c1cc(c(cc1F)[N+](=O)[O-])OCC/C(=N/O)/N","P77949195","0","decoy"
"c1cc(c(cc1C(=O)NC[C@@H]2CCCO2)N)[N+](=O)[O-]","P81875690","0","decoy"
"c1cc(c(cc1C(=O)NC[C@H]2CCCO2)N)[N+](=O)[O-]","P81875691","0","decoy"
"c1cc(c(cc1F)[N+](=O)[O-])NCCS(=O)(=O)N","P89406898","0","decoy"
"C[C@@H]1CC(=O)N(C1)Cc2ccc(c(c2)[N+](=O)[O-])NN","P96392028","0","decoy"
"C[C@H]1CC(=O)N(C1)Cc2cc(ccc2NN)[N+](=O)[O-]","P96392031","0","decoy"
"C[C@H](c1cc2c(cc1[N+](=O)[O-])c(ncn2)[O-])[C@H](C)[NH3+]","P96782368","0","decoy"
"CC(C)(CNc1ccc(cc1[N+](=O)[O-])C(=O)NC)O","P119580952","0","decoy"
"C[C@]1(CCC[NH2+]1)C(=O)Nc2cccc(c2)c3[n-]nnn3","P124218660","0","decoy"
"c1cc2c(cc1[N+](=O)[O-])c(ncn2)N[C@H]3C[C@@H]3N","P127309880","0","decoy"
"Cc1ccnn1CC(=O)N/N=C\c2ccc(cc2O)O","P130298741","0","decoy"
"c1cc(oc1)CNC(=O)c2ccc(c(c2)[N+](=O)[O-])N","P131036767","0","decoy"
"CC[C@@H](C)SCc1nc(on1)c2nc([nH]n2)N","P136347048","0","decoy"
"CCN(C/C(=N/O)/N)C(=O)c1c(nns1)C(C)C","P136790725","0","decoy"
"C[C@H](/C(=N/O)/N)N(C)C(=O)c1c(nns1)C(C)C","P136790731","0","decoy"
"CCc1c(snn1)C(=O)N(C)[C@@H](C)C/C(=N/O)/N","P136811117","0","decoy"
"CCc1c(snn1)C(=O)N(C)[C@H](C)C/C(=N/O)/N","P136811119","0","decoy"
"CC[C@H]1CC[C@@H](C1)c2nc(on2)c3nc([nH]n3)N","P137625065","0","decoy"
"CC[C@H]1CC[C@H](C1)c2nc(on2)c3nc([nH]n3)N","P137625067","0","decoy"
"COc1ccc(cc1NC(=O)C2(CC2)N)[N+](=O)[O-]","P137832599","0","decoy"
"Cc1ccc(cc1N2CCNC[C@H]2C(=O)N)[N+](=O)[O-]","P138698619","0","decoy"
"CC(C)c1c(c(n(n1)C)Sc2n[nH]c(=O)n2C)N","P143283682","0","decoy"
"C[C@H](CN)Nc1c(c(nn1C)C(C)C)[N+](=O)[O-]","P143334048","0","decoy"
"CCCc1c2c(n(n1)C)n(c(n2)N)[C@@H]3CCCNC3=O","P144908379","0","decoy"
"CCCc1c2c(n(n1)C)n(c(n2)N)[C@@H]3CCC(=O)NC3","P144908439","0","decoy"
"Cn1c(c(cn1)CNc2cc(ccc2[N+](=O)[O-])F)N","P146307951","0","decoy"
"C[C@@H](c1cccnc1)Nc2ccc(c(n2)N)[N+](=O)[O-]","P147726876","0","decoy"
"CC1(C[C@@](C(O1)(C)C)(C(=O)N)NCCN=[N+]=[N-])C","P147983294","0","decoy"
"C[C@H](c1ccc(cc1)CN)Nc2ccc3nnnn3n2","P148472009","0","decoy"
"CCCn1c(c(c(n1)C)[N+](=O)[O-])N[C@H]2C[C@H]2N","P153767526","0","decoy"
"c1cc(c(cc1C#N)[N+](=O)[O-])NC(=O)[C@H]2C[C@@H](C=C2)N","P155691784","0","decoy"
"CSc1ccc(c(c1)C/C=N\NC(=O)N)[N+](=O)[O-]","P156448498","0","decoy"
"Cc1c(cccc1NS(=O)(=O)N)N","P28808604","0","decoy"
"c1cc(ccc1N=C(N)N)S(=O)(=O)N","P50952489","0","decoy"
"C[C@H](CO)NC(=O)[C@@H](C)NC(=O)N","P52851235","0","decoy"
"CC[C@H](C)[C@H](C(=O)NN)NC(=O)N","P54946360","0","decoy"
"c1cc(c(cc1NC(=O)CN)C(=O)N)F","P55048625","0","decoy"
"C1CN(CCN1)C(=O)[C@@H](CC(=O)N)N","P55746798","0","decoy"
"C(C[NH+]=C(N)N)C(=O)N[O-]","P59343350","0","decoy"
"c1c(cc(cc1N)N)C(=O)OCCO","P62296295","0","decoy"
"CCN(C[C@@H](C)/C(=N/O)/N)C(=O)N","P64195899","0","decoy"
"C[C@@H](C(=O)NC)N[C@@H](C)C(=O)NC(=O)N","P64374431","0","decoy"
"C[C@@]1([C@H](O[C@@H]([C@]([C@@]1(C)O)(C)O)O)CO)O","P65792328","0","decoy"
"CC(C)(C(=O)N)Nc1ccc(cc1N)C#N","P67976705","0","decoy"
"C[C@@H](C/C(=N/O)/N)NC(=O)N","P75362031","0","decoy"
"c1c(c(cc(c1NN)F)[N+](=O)[O-])C(=O)N","P76551702","0","decoy"
"C[C@@H]1C[C@@H]1NC(=O)[C@@H](CC(=O)N)N","P78294783","0","decoy"
"[C@@H]12[C@@H](NNC(=S)N1)N=C(N2)N[N+](=O)[O-]","P83018461","0","decoy"
"[H]/N=C(\N)/N/C(=N\[H])/N1CCCC1","P89063147","0","decoy"
"C1CN(C[C@H]1C(=O)[O-])C(=O)[C@@H](CC(=O)N)[NH3+]","P95345799","0","decoy"
"C[C@@H]1[C@H]([C@@H]([C@H]([C@H](O1)N)O)O)O","P101141853","0","decoy"
"C(CO)NC/C(=N\O)/N","P108214649","0","decoy"
"CC[C@@H](/C(=N/O)/N)N[C@H]1CCCC[C@@H]1O","P108917916","0","decoy"
"C[C@H](CN[C@@H]1CCCC[C@@H]1O)/C(=N/O)/N","P108920696","0","decoy"
"C[C@@H](/C(=N/O)/N)NC[C@@H]1CCC(=O)N1","P109044275","0","decoy"
"CC(C)N(C/C(=N/O)/N)C(=O)N","P109108016","0","decoy"
"C(CC(=O)N)Cn1c(n[nH]c1=S)N","P109389436","0","decoy"
"c1cc(c(cc1S(=O)(=O)C(=O)N)N)O","P111269478","0","decoy"
"c1c(c(cc(c1C(=O)[O-])N)F)[C@H](CO)[NH3+]","P112152915","0","decoy"
"c1cc(c(c(c1C(=O)[O-])[C@@H](CO)[NH3+])O)F","P112152932","0","decoy"
"CCc1cc(c(c(c1)[N+](=O)[O-])[O-])[C@H](C[NH3+])N","P112161236","0","decoy"
"[H]/N=C(/N)\N/C(=N/[H])/N1CCN(CC1)C","P128266901","0","decoy"
"CC[C@H](c1ccc(c(c1)O)O)[C@H](C(=O)[O-])[NH3+]","P130253578","0","decoy"
"C[C@H](C(=O)NC(C)C)S/C(=N/N)/N","P130757933","0","decoy"
"C1C(=O)N(C(=O)N1)CCS/C(=N\N)/N","P130759041","0","decoy"
"CC(C)(C(=O)N)NC(=O)C1(CC1)N","P131154479","0","decoy"
"C=CCNc1nc(c(s1)/C(=N\C#N)/N)N","P132609028","0","decoy"
"Cc1c(c(n(n1)C)C(=O)N[C@H](C)C(=O)N)N","P133246994","0","decoy"
"C[C@H](C(=O)N)NC(=O)[C@@H]1COC[C@@H]1N","P133631495","0","decoy"
"C[C@]1(COC[C@H]1N)C(=O)NCCC(=O)N","P133652230","0","decoy"
"CC(C)(C)NC(=O)C[C@H](C(=O)N)N","P134032645","0","decoy"
"[H]/N=C(/N)\N/C(=N/[H])/NC","P134736769","0","decoy"
"CCC[C@H](C(=O)NC(=O)N)N","P134788148","0","decoy"
"C[C@@H](C(=O)N)NC(=O)[C@@H]1CC[C@@H](O1)CN","P136261159","0","decoy"
"c1c(c(cc(c1F)F)N)c2nnc(n2N)N","P136999385","0","decoy"
"C1C(CC1[O-])c2[nH+]nc(n2N)N","P137006099","0","decoy"
"C1CC[C@H]([C@@H](C1)c2[nH+]nc(n2N)N)C(=O)[O-]","P137006383","0","decoy"
"CC[C@@](C)(/C(=N\O)/N)NC(=O)N","P138152595","0","decoy"
"C1CC(C1)C[C@@H](/C(=C(\C(=O)N)/O)/[O-])[NH3+]","P150733588","0","decoy"
"[C@H]1([C@H](NC(=O)N[C@@H]1O)N)F","P151020638","0","decoy"
"[H]/N=C(\N)/N1[C@@H](c2c[nH+]c(c(c2C=N1)[O-])C)O","P156241417","0","decoy"
"CCCC[C@@H]1C(=O)[C@@H](C(=[NH2+])N1)C(=O)N","P156342129","0","decoy"
"C[C@]1(c2c(c3cc(c(cc3[nH]2)OC)O)CC[NH2+]1)C(=O)[O-]","P04510763","0","decoy"
"c1c(nn2c1N[C@H](C[C@@H]2C(F)F)C3CC3)C(=O)NN","P09911675","0","decoy"
"CCC[C@@H](C(=O)N1C(=O)c2cccc(c2C1=O)N)N","P55028578","0","decoy"
"[H]/N=C\1/N/C(=N\[H])/N(C(N1)(C)C)c2ccc(cc2)OCC","P56620917","0","decoy"
"C[C@H](c1ccc(cc1O)O)[NH2+]Cc2nc[n-]n2","P56982448","0","decoy"
"c1cc(c(cc1S(=O)(=O)N)N)n2cc(cn2)Cl","P57217772","0","decoy"
"C[C@@]1(CC[C@@H](C1(C)C)c2nc([nH]n2)N)C(=O)O","P59635682","0","decoy"
"COc1ccc(cc1C(=O)N2CCC[C@H]2C(=O)N)N","P61183945","0","decoy"
"c1cc(cc(c1)NC(=O)c2ccco2)/C(=N\O)/N","P61284010","0","decoy"
"c1ccc(c(c1)C(=O)[O-])NC(=O)[C@H]2C[C@@H](C[NH2+]2)O","P61438240","0","decoy"
"c1cc(c(cc1F)NC(=O)[C@H]2C[C@H](C[NH2+]2)O)C(=O)[O-]","P61439113","0","decoy"
"c1ccc2c(c1)N(CCO2)C(=O)[C@@H](CC(=O)N)N","P62007556","0","decoy"
"c1ccc2c(c1)nnn2c3ccc(c(c3)C(=O)N)N","P62350565","0","decoy"
"C[C@@H]1CCC[C@H](C1)n2c(nnn2)c3cc(cc(c3)N)N","P63590267","0","decoy"
"C[C@H](C1CC1)n2c(nnn2)c3ccc(cc3N)N","P63606298","0","decoy"
"c1c2c(nc(c1C(=[NH2+])N)Sc3[n-]ncn3)CCC2","P65648153","0","decoy"
"Cc1ccc(cc1O)C(=O)N(C)[C@H](C)/C(=N/O)/N","P68028487","0","decoy"
"C[C@H](C(=O)NC(=O)N)Nc1ccc(c(c1)C#N)F","P77367021","0","decoy"
"Cn1cc(cn1)c2c(n(c(n2)C3CCCC3)N)N","P79189094","0","decoy"
"C1CCC(C1)(CO)NC(=O)[C@@H]2CCCN(C2)C(=O)N","P79552700","0","decoy"
"Cc1ccoc1C(=O)NC[C@@H](C)/C(=N/O)/N","P81466692","0","decoy"
"Cc1c(sc(n1)N)C(=O)N2CCCC[C@@H]2C(=O)N","P83112714","0","decoy"
"c1ccc(c(c1)C(=O)N/N=C/[C@@H](CO)O)O","P90306928","0","decoy"
"C[C@@H](/C(=N/O)/N)NC(=O)c1ccc2c(c1)cccn2","P94030071","0","decoy"
"c1cc(c(c(c1)F)NN)C(=O)Nc2cnoc2","P94472573","0","decoy"
"c1ccc(cc1)[C@H](/C(=N/O)/N)C(=O)N2CC[C@H](C2)O","P94520636","0","decoy"
"C1CCO[C@H](C1)C(=O)N[C@@H]2CCC[C@@H]2/C(=N\O)/N","P94832708","0","decoy"
"C1C[C@H]([C@@H](C1)NC(=O)C2CCOCC2)/C(=N\O)/N","P94833500","0","decoy"
"CN(c1ccc(cc1)C#N)C(=O)c2cc(cc[nH+]2)NN","P94978381","0","decoy"
"c1cc(c(cc1NC(=O)[C@@H]2CC[NH2+]C2)O)C(=O)[O-]","P95313938","0","decoy"
"C[C@]1(CCN(C1)C(=O)N[C@@H]2CCCC[C@@H]2[NH3+])C(=O)[O-]","P96544652","0","decoy"
"CNC(=O)NC(=O)CN1C[C@H](Cc2c1cccc2)N","P108205878","0","decoy"
"Cc1ccc(c(c1)N)[N-]S(=O)(=O)c2c[nH+]c([nH]2)C","P108566261","0","decoy"
"c1cc(c(cc1C#N)N)Sc2nncn2N","P108663606","0","decoy"
"C1C[C@@H](C[C@H](C1)NC(=O)N2CCC[C@@H](C2)[NH3+])C(=O)[O-]","P108857787","0","decoy"
"CC(C)(C)NC(=O)N1CCC[C@@H]1/C(=N/O)/N","P109008918","0","decoy"
"c1c(cnc(c1C(=O)N)Oc2cc(cnc2)Cl)N","P127447837","0","decoy"
"C[C@H]1[C@H](O[C@@H]([C@@H]1C(=O)NC/C(=N/O)/N)C)C","P130646923","0","decoy"
"C1CC[C@H]([C@@H](C1)C(=O)[O-])NC(=O)NC2CC[NH2+]CC2","P133520140","0","decoy"
"C1CCC(CC1)N2C(=O)C[C@H](C2=O)S/C(=N\N)/N","P136827534","0","decoy"
"c1c(cncc1Br)c2nnc(n2N)N","P136998872","0","decoy"
"Cc1cc(c(c[nH+]1)C(=O)[O-])N[C@@H](C)C(=O)N","P137800707","0","decoy"
"C1C[C@@H]([C@@H](C1)O)CNC(=O)[C@@H]2CCCN(C2)C(=O)N","P139443938","0","decoy"
"C1C[C@@H]([C@H](C1)C(=O)[O-])CNC(=O)N2CCC[C@@H](C2)[NH3+]","P139816517","0","decoy"
"CCn1cncc1c2c(n(c(n2)C3CCCCC3)N)N","P140939668","0","decoy"
"CCn1cncc1c2c(n(c(n2)C(C)C)N)N","P140939675","0","decoy"
"C[C@@]1(COC[C@H]1NC(=O)C2(CCCCC2)[NH3+])C(=O)[O-]","P141647554","0","decoy"
"[H]/N=C\1/N/C(=N\c2ccccc2OC)/NC(N1)(C)C","P150351903","0","decoy"
"c1cc(oc1)C(=O)NN/C(=C\2/C=CC=CC2=O)/N","P151102631","0","decoy"
"Cc1c(c(n(n1)C(C)C)N2CCC[C@@H](C2)C(=O)N)N","P153765290","0","decoy"
"c1cc(c(cc1/C=N/NC(=S)N)[N+](=O)[O-])O","P30069501","0","decoy"
"C[C@H]([C@@H](C(=O)N)NC(=O)OC(C)(C)C)O","P39637534","0","decoy"
"CCOC(=O)c1c(c2c(c(c(nc2s1)N)C#N)C)N","P50959595","0","decoy"
"CCCC[C@@H](C(=O)N1C(=O)c2cccc(c2C1=O)N)N","P55944854","0","decoy"
"CC(C)(CO)/C=N/NC(=O)c1cc(ccc1O)O","P56896399","0","decoy"
"CC1=C[C@H](N=N1)[C@@H]2NN[C@@H](N2N)SCC(=C)C","P58680444","0","decoy"
"C[C@H]1C[C@H]1C(=O)Nc2cccc(c2)OC/C(=N/O)/N","P61284323","0","decoy"
"C[C@H]1C[C@H]1C(=O)Nc2ccccc2OC/C(=N/O)/N","P61284366","0","decoy"
"C[C@@H](/C(=N/O)/N)NC(=O)c1ccccc1OC(F)F","P61284954","0","decoy"
"CC(C)(/C(=N/O)/N)NC(=O)c1ccccc1OC","P61286116","0","decoy"
"CCC1CCC(CC1)(/C(=N/O)/N)NC(=O)OC","P61291446","0","decoy"
"Cc1ccc(cc1)n2c(nnn2)c3ccc(cc3N)N","P63605264","0","decoy"
"CCn1cc(cn1)[C@@H](C)Nc2cccc(c2)NC(=O)N","P67153354","0","decoy"
"CCOc1ccccc1NC(=O)C(C)(C)/C(=N/O)/N","P67537274","0","decoy"
"CC[C@@H](/C(=N/O)/N)C(=O)Nc1ccccc1OC","P67636353","0","decoy"
"CC(C)[C@@H](/C(=N/O)/N)C(=O)N1CCCC[C@H]1CCO","P67638704","0","decoy"
"CC(C)[C@H](/C(=N/O)/N)C(=O)N1CCCC[C@H]1CCO","P67638706","0","decoy"
"CC[C@@H](/C(=N/O)/N)C(=O)Nc1ccc(cc1OC)F","P67652934","0","decoy"
"CC(C)[C@@H](/C(=N/O)/N)C(=O)NC[C@@H]1CCCOC1","P67793569","0","decoy"
"CCOc1cc(ccc1NCC(=O)NC(=O)N)C","P72724152","0","decoy"
"CC[C@@H](C)[C@@H](C)n1c(nnn1)c2cc(cc(c2)N)N","P73333402","0","decoy"
"CCOc1cc2c(cc1c3c(n(cn3)N)N)O[C@@H](C2)C","P79188070","0","decoy"
"Cc1ccc(c(c1)C(=O)N[C@@H](C)/C(=N/O)/N)OC","P79354182","0","decoy"
"c1ccc(c(c1)C(=O)NC2=C([C@@H]3[C@@H](O3)C(=C2)O)O)O","P89633038","0","decoy"
"C[C@]1(CC[NH2+]C1)C(=O)Nc2ccc(c(c2)O)C(=O)[O-]","P96513417","0","decoy"
"Cc1ccc(c(c1)O)C(=O)N(C)[C@H](C)C/C(=N/O)/N","P96868071","0","decoy"
"CC[C@@H](C/C(=N/O)/N)NC(=O)c1coc2c1cccc2","P108524635","0","decoy"
"CCc1ccc(cc1N)[N-]S(=O)(=O)c2c[nH+]c[nH]2","P108563185","0","decoy"
"C[C@@H](/C(=N/O)/N)Nc1ccc2c(c1)OCO2","P108907624","0","decoy"
"C[C@H](/C(=N/O)/N)Nc1ccc2c(c1)C(=O)N(C2=O)C","P123233170","0","decoy"
"CCOC(=O)N/N=C(\C)/c1ccc(c(c1)C(=O)N)O","P130201130","0","decoy"
"C[C@H](C(=O)NC(=O)N)Nc1cc(ccc1C#N)Cl","P134841878","0","decoy"
"CCC[C@H](/C(=N/O)/N)NC(=O)c1c(c(oc1C)C)C","P136448287","0","decoy"
"CSc1nc(cc(n1)N2CCC[C@@H](C2)CO)NN","P137416278","0","decoy"
"C[C@H]1C[C@H]1Nc2nc(nc(n2)N3CCCC3)NN","P137440255","0","decoy"
"Cc1cc(nc(n1)NN)N[C@H](C)Cc2ccco2","P137446389","0","decoy"
"CC(C)(CN(C)c1cc(cc(c1)[N+](=O)[O-])NN)O","P137479555","0","decoy"
"Cc1c(c(on1)C)[C@H](C)Nc2cccc(n2)NN","P137487740","0","decoy"
"CC(C)c1[nH]/c(=N\N)/cc(n1)N(C)CC(C)(C)O","P137508044","0","decoy"
"c1cc(oc1)CCNc2c(c(cc[nH+]2)C(=O)[O-])N","P138911918","0","decoy"
"C/C(=N/N=C(N)N)/CCc1ccc2c(c1)OCO2","P139590298","0","decoy"
"CC(C)C[C@](C)(CNc1ccc(c2c1non2)N)O","P141109624","0","decoy"
"C[C@H]1CCCN(C1)C(=O)NCCCC/C(=N/O)/N","P144006761","0","decoy"
"c1cc(nc(c1[N+](=O)[O-])N)NC[C@@H]2CCCC[C@H]2O","P147730420","0","decoy"
"Cc1cc(cc(c1[NH3+])C(=O)[O-])NC[C@H]2COCCO2","P148436123","0","decoy"
"Cc1cc(cc(c1[NH3+])C(=O)[O-])N[C@H](C)C(=O)N(C)C","P148436227","0","decoy"
"CC(=O)c1ccc(cc1)c2ccc(o2)/C=N\N=C(N)N","P151104597","0","decoy"
"CCC(=O)Nc1ccc(c(c1)C(=O)N[C@@H](C)CO)O","P153728792","0","decoy"
"CCCn1c(c(c(n1)C)N)N2CCCC[C@H]2C(=O)N","P153760185","0","decoy"
"c1cc(ccc1/C=N\NC(=O)c2ccc(cc2O)O)O","P156323896","0","decoy"
"C[C@@]1(C2(CCCCC2)OC(=O)NN1)O","P08215567","0","decoy"
"C1COC(=CO1)C(=O)NC(=S)N","P24230161","0","decoy"
"CO[C@H]1[C@H]([C@H]([C@@H]([C@H](O1)CCl)O)O)O","P32738900","0","decoy"
"C1C[NH2+]Cc2c1n[nH]c2C(=O)[O-]","P43850200","0","decoy"
"c1cc2c(cc1S(=O)(=O)NN)CCO2","P52569952","0","decoy"
"C[C@H]1C[C@@H](CN(C1)C(=O)C/C(=N/O)/N)C","P54897319","0","decoy"
"CN(C)C(=O)c1ccc(cc1)/C(=N/O)/N","P54897363","0","decoy"
"C[C@H]1CCCN1c2ccc(cn2)/C(=N/O)/N","P56958729","0","decoy"
"C[C@]1(CCN(C[C@H]1O)C(=O)OC)N","P59215173","0","decoy"
"Cc1coc(=O)c2c1c(c(c(c2)O)O)O","P59228705","0","decoy"
"Cc1c2cc(c(cc2oc(=O)c1O)O)O","P59228723","0","decoy"
"C[C@]12CC(NC(=S)N1CC(=O)NN2)(C)C","P59428595","0","decoy"
"c1ccc2c(c1)CCC[C@]2(c3[n-]nnn3)[NH3+]","P61322542","0","decoy"
"Cc1ccc(cc1C)[C@H](c2[n-]nnn2)[NH3+]","P61322586","0","decoy"
"C1CN(CCC1[NH3+])C(=O)[C@@H]2C[C@H]2C(=O)[O-]","P64169713","0","decoy"
"C[C@H]1CN(C[C@@H](O1)C)[C@@H](C)/C(=N/O)/N","P65799907","0","decoy"
"C[C@H](/C(=N/O)/N)N1CCOC(C1)(C)C","P65800195","0","decoy"
"C[C@H](/C(=N/O)/N)C(=O)N1C[C@H]2CC[C@@H]1C2","P67653152","0","decoy"
"Cc1nc(cc(n1)[O-])C[NH+]2CC[C@H](C2)N","P69208565","0","decoy"
"CNC(=O)C1CCC(CC1)NC(=O)NC","P73872949","0","decoy"
"Cc1cc(c(s1)C)[C@H](c2[n-]nnn2)[NH3+]","P74228068","0","decoy"
"Cc1c(c(n(n1)C/C(=N/O)/N)C)Cl","P75650111","0","decoy"
"Cc1c(c(n(n1)[C@@H](C)/C(=N/O)/N)C)Cl","P75650135","0","decoy"
"C[C@@H]1CCN([C@H](C1)C)C(=O)C/C(=N/O)/N","P77526201","0","decoy"
"C[C@H](c1[nH]c2c(cccc2[nH+]1)C(=O)[O-])O","P95366290","0","decoy"
"C1C[C@H]2CN(CCCN2C1)C/C(=N/O)/N","P96576662","0","decoy"
"CC(C)NC(=O)[C@@H]1CCCN(C1)C(=O)N","P104360884","0","decoy"
"CC(C)NC(=O)[C@H]1CCCN(C1)C(=O)N","P104360888","0","decoy"
"C1C[C@H](CN(C1)C(=O)N)C(=O)NC2CC2","P104367367","0","decoy"
"Cn1cc(cn1)[C@H]2CCN[C@H](C2)C(=O)N","P108976199","0","decoy"
"C[C@H]([C@@H]1CCCO1)n2c(n[nH]c2=S)N","P109389251","0","decoy"
"C1CCO[C@@H](C1)Cn2c(n[nH]c2=S)N","P109390321","0","decoy"
"c1cc(cc(c1)O)[C@@H]2CC(=Nc3c2cn[nH]3)O","P117312659","0","decoy"
"c1c(c(n([nH+]1)CC(=O)[O-])N)Br","P119576202","0","decoy"
"CC1(C(=O)NCCN1C(=O)C(C)(C)N)C","P128891378","0","decoy"
"Cc1ccc(cc1F)[C@H](c2[n-]nnn2)[NH3+]","P128931749","0","decoy"
"CC(C)(C(=O)N[C@@H]1CCC(=O)N(C1)C)N","P129366732","0","decoy"
"C[C@H]1CN(C[C@@H](S1)C)c2nc([nH]n2)N","P133678555","0","decoy"
"CC(C)[C@@H](C1=NC(=O)C(C(=N1)[O-])(C)C)[NH3+]","P135358881","0","decoy"
"CC[C@](C)(C(=O)N1CCNC(=O)[C@H]1C)N","P135891886","0","decoy"
"CC1(CCc2c1c(n([nH+]2)CC(=O)[O-])N)C","P135979826","0","decoy"
"[H]/N=C/1\[C@]2(CCO[C@@](C2)(C)CC)NC(=O)N1","P136208302","0","decoy"
"CSc1nc(n(n1)[C@@H]2CCC[C@H]2O)N","P136997460","0","decoy"
"c1ccc2c(c1)[C@@H](CN2C(=O)C[NH3+])C(=O)[O-]","P137108452","0","decoy"
"CN(C)c1cc[nH]/c(=N\N)/n1","P137488258","0","decoy"
"c1cc(ccc1c2cnco2)/C(=N/O)/N","P142800414","0","decoy"
"Cc1ccc(c(=O)n1[C@@H](C)C(=O)NC)N","P149101184","0","decoy"
"Cc1cc(n(c(=O)c1N)CC(=O)NC)C","P149101210","0","decoy"
"CC1([C@H](C(=O)NC(=O)[C@H]1C(=S)N)C#N)C","P149159060","0","decoy"
"CN(C)C(=O)c1ccc(c(c1)C(=O)N)O","P150533484","0","decoy"
"c1c(c(cc2c1OCO2)N)N","P06191806","0","decoy"
"C[C@H](C(=O)NN)C(C)(C)O","P13139979","0","decoy"
"C[C@]1([C@]([C@]([C@@H](O1)O)(C)O)(C)O)CO","P18157352","0","decoy"
"c1c(cc(c(c1O)O)O)CO","P22164268","0","decoy"
"C[C@]1(CCCC[C@H]1NO)NO","P23925577","0","decoy"
"c1cc(cc(c1)C(=O)[O-])C(=[NH2+])N","P24165284","0","decoy"
"CC1C(=C(SC(=C1C#N)N)N)C#N","P28915824","0","decoy"
"c1c(c(cc(c1[N+](=O)[O-])O)O)N","P31797513","0","decoy"
"c1cc(ccc1C(=O)Cl)N=C(N)N","P32818810","0","decoy"
"C[C@H](C(=O)N)N1CCC(CC1)N","P39127614","0","decoy"
"C[C@H]1CCC[C@H]([C@@H]1C)NC(=O)NN","P51916474","0","decoy"
"c1c(cc(c(c1N)N)[N+](=O)[O-])[N+](=O)[O-]","P54186482","0","decoy"
"C[C@@H](C(=O)N1CCCC[C@H]1C(=O)N)N","P56206941","0","decoy"
"C1CC[C@H]([C@@H]([C@@H]([C@@H](C1)O)O)O)O","P58480644","0","decoy"
"c1c(cc(cc1O)S(=O)(=O)N)O","P59169210","0","decoy"
"CCn1ccc(c(c1=O)N)N","P59261460","0","decoy"
"c1cc(c(c(c1)F)N=C(N)N)[N+](=O)[O-]","P61405167","0","decoy"
"c1c(c(cc(c1O)O)O)CO","P66755760","0","decoy"
"CC1(CCCCC1)NC(=O)NN","P67889152","0","decoy"
"C[C@H](C(=S)N)N(C)C(=O)N","P68030523","0","decoy"
"CC1(CC1)C(=O)NNC(=O)N","P68987282","0","decoy"
"Cc1ccc(s1)[C@@H](C)NC(=O)NN","P73466188","0","decoy"
"[H]/N=C/1\NNC(=NN1)c2cccc(c2)C","P73870826","0","decoy"
"c1cc([nH+]c(c1N)N)C(=O)[O-]","P80367513","0","decoy"
"C1CC1NC(=O)N[C@@H]2C[C@@H]2N","P81968246","0","decoy"
"C[C@@H]1[C@@H]([C@@]1(C(=O)[O-])[NH3+])CO","P90038917","0","decoy"
"C[C@@H]1[C@H]([C@@]1(C(=O)[O-])[NH3+])CO","P90038927","0","decoy"
"CC1(C[C@](CCO1)(C(=O)N)N)C","P107050660","0","decoy"
"C1CC[C@H]2[C@H](C1)C[C@@H](N2)C(=O)NN","P107232255","0","decoy"
"C[C@H](C1CCCC1)NC(=O)NN","P107604042","0","decoy"
"C[C@@H]1CCC[C@@H]1N/C(=N/O)/N","P109312665","0","decoy"
"C[C@H]1CCC[C@@](C1)(C(=O)NN)N","P109438695","0","decoy"
"CS/C(=N/C(=[NH2+])N)/N","P122834227","0","decoy"
"C1CCCC(CC1)(CNC(=O)N)O","P124388361","0","decoy"
"CC(=O)N[C@@H]1CCC[C@H]1/C(=N/O)/N","P128730849","0","decoy"
"c1csc(c1CO)C(=O)NN","P128929374","0","decoy"
"C1C[C@@H](NC1)/C(=N\O)/N","P129931350","0","decoy"
"[H]/N=C\1/N[C@@H](NC(=S)N1)C(C)C","P130122466","0","decoy"
"CC(C)N1CCC[C@](CC1)(C(=O)N)N","P130489105","0","decoy"
"CC#CCN1CC[NH2+]C[C@H]1C(=O)N","P131452763","0","decoy"
"C1CN(CCC1CO)c2nc([nH]n2)N","P133677011","0","decoy"
"C[C@@H]1CCC[C@@](C1)(C(=O)NC(=O)N)N","P134788105","0","decoy"
"Cc1c(c(on1)C)[C@@H](C)NC(=O)NN","P134840875","0","decoy"
"CCC/N=C/1\C[C@@H](N(C(=O)N1)N)O","P135969107","0","decoy"
"C1CC2(C1)C[C@@H](CCO2)[C@H](C(=O)N)N","P136054587","0","decoy"
"CSCc1nnc(n1N)N","P136998770","0","decoy"
"C1C[C@@H](COC1)c2nnc(n2N)N","P136998842","0","decoy"
"CCOc1nnc(n1N)N","P136998932","0","decoy"
"CC[C@@H](C)c1nnc(n1N)N","P136999011","0","decoy"
"Cc1ccc(s1)/C(=N\N=C(N)N)/C","P138126882","0","decoy"
